Manga Title,Anime Title,Season,Genre-1,Genre-2,Genre-3,Demographic,Studio,Manga Sales Pre-Anime,Platform_ABEMA_JP,Rating_ABEMA_JP,Platform_TV_JP,Rating_TV_JP,Platform_Crunchyroll_US,Rating_Crunchyroll_US,Platform_Netflix_US,Rating_Netflix_US,Platform_Netflix_PH,Rating_Netflix_PH,Platform_Bilibili_PH,Rating_Bilibili_PH
,86 EIGHTY-SIX,SPRING,Action,Drama,Mecha,Men,A-1 Pictures,,,,,,,,,,,,,
,.hack//Legend Of The Twilight,WINTER,Adventure,Comedy,Fantasy,Boys,Bee Train,,,,,,,,,,,,,
,Oshi No Ko,SPRING,Drama,Mystery,Psychological,Men,Doga Kobo,,,,,,,,,,,,,
,07-Ghost,SPRING,Action,Fantasy,Fantasy,Women,Studio DEEN,,,,,,,,,,,,,
,I'm Standing on a Million Lives,FALL,Action,Drama,Fantasy,Boys,Maho Film,,,,,,,,,,,,,
,March comes in like a lion,FALL,Drama,Slice of Life,,Men,Shaft,,,,,,,,,,,,,
,The Quintessential Quintuplets,WINTER,Comedy,Drama,Romance,Boys,Tezuka Productions,,,,,,,,,,,,,
,A-Channel,SPRING,Comedy,Slice of Life,School,Men,Studio Gokumi,,,,,,,,,,,,,
,ACCA: 13-Territory Inspection Dept.,WINTER,Drama,Mystery,Slice of Life,Men,MADHOUSE,,,,,,,,,,,,,
,Accel World,SPRING,Action,Romance,Sci-Fi,Boys,Sunrise,,,,,,,,,,,,,
,Place to Place,SPRING,Comedy,Romance,Slice of Life,Men,AIC,,,,,,,,,,,,,
,Adachi and Shimamura,FALL,Romance,Slice of Life,Slice of Life,Boys,Tezuka Productions,,,,,,,,,,,,,
,Afro Samurai,WINTER,Action,Adventure,Drama,Seinen,GONZO,,,,,,,,,,,,,
,Aharen-san wa Hakarenai,SPRING,Comedy,Romance,Slice of Life,Boys,Felix Films,,,,,,,,,,,,,
,Ahiru no Sora,FALL,Drama,Sports,Drama,Boys,diomedéa,,,,,,,,,,,,,
,AHO-GIRL,SUMMER,Comedy,Romance,Slice of Life,Boys,diomedéa,,,,,,,,,,,,,
,Ai Yori Aoshi,SPRING,Comedy,Drama,Romance,Men,J.C.STAFF,,,,,,,,,,,,,
,Air,WINTER,Drama,Romance,Slice of Life,Seinen,Kyoto Animation,,,,,,,,,,,,,
,Aishite Knight,SPRING,Comedy,Music,Romance,Girls,Toei Animation,,,,,,,,,,,,,
,AIURA,SPRING,Comedy,Slice of Life,School,Boys,LIDENFILMS,,,,,,,,,,,,,
,AJIN: Demi-Human,WINTER,Action,Horror,Mystery,Men,POLYGON PICTURES,,,,,,,,,,,,,
,Baby and Me,SUMMER,Comedy,Drama,Slice of Life,Girls,Studio Pierrot,,,,,,,,,,,,,
,Snow White with the Red Hair,SUMMER,Drama,Fantasy,Romance,Girls,bones,,,,,,,,,,,,,
,Anne of Green Gables,WINTER,Drama,Slice of Life,Slice of Life,Kodomo,Nippon Animation,,,,,,,,,,,,,
,Akame ga Kill!,SUMMER,Action,Adventure,Drama,Men,WHITE FOX,,,,,,,,,,,,,
,Yona of the Dawn,FALL,Action,Adventure,Comedy,Girls,Studio Pierrot,,,,,,,,,,,,,
,Red Riding Hood Chacha,WINTER,Adventure,Comedy,Fantasy,Girls,Studio Gallop,,,,,,,,,,,,,
,Akebi-chan no Sailor-fuku,WINTER,Slice of Life,School,,Men,CloverWorks,,,,,,,,,,,,,
,My Sweet Tyrant,SPRING,Comedy,Romance,Slice of Life,Girls,Yumeta Company,,,,,,,,,,,,,
,Flowers of Evil,SPRING,Drama,Psychological,Romance,Men,ZEXCS,,,,,,,,,,,,,
,Riddle Story of Devil,SPRING,Action,Drama,School,Men,diomedéa,,,,,,,,,,,,,
,"I'm the Villainess, So I'm Taming the Final Boss",FALL,Comedy,Fantasy,Romance,Girls,Maho Film,,,,,,,,,,,,,
,ALDNOAH.ZERO,SUMMER,Action,Mecha,Sci-Fi,Seinen,A-1 Pictures,,,,,,,,,,,,,
,Alice & Zoroku,SPRING,Action,Adventure,Fantasy,Men,J.C.STAFF,,,,,,,,,,,,,
,All Out!!,FALL,Sports,School,,Seinen,MADHOUSE,,,,,,,,,,,,,
,Sweetness & Lightning,SUMMER,Comedy,Slice of Life,,Men,TMS Entertainment,,,,,,,,,,,,,
,Amagi Brilliant Park,FALL,Comedy,Fantasy,Romance,Shounen,Kyoto Animation,,,,,,,,,,,,,
,Amanchu!,SUMMER,Comedy,Slice of Life,School,Boys,J.C.STAFF,,,,,,,,,,,,,
,Amatsuki,SPRING,Action,Fantasy,Supernatural,Women,Studio DEEN,,,,,,,,,,,,,
,Angel Heart,FALL,Action,Romance,Drama,Seinen,TMS Entertainment,,,,,,,,,,,,,
,Angolmois: Record of Mongol Invasion,SUMMER,Action,Drama,Samurai,Boys,NAZ,,,,,,,,,,,,,
,Anima Yell!,FALL,Comedy,Sports,School,Men,Doga Kobo,,,,,,,,,,,,,
,Animal Lane,FALL,Adventure,Comedy,Fantasy,Girls,Studio Gallop,,,,,,,,,,,,,
,Anohana: The Flower We Saw That Day,SPRING,Drama,Romance,Slice of Life,Seinen,A-1 Pictures,,,,,,,,,,,,,
,Waiting in the Summer,WINTER,Comedy,Drama,Romance,Seinen,J.C.STAFF,,,,,,,,,,,,,
,Another,WINTER,Horror,Mystery,Psychological,Seinen,P.A. WORKS,,,,,,,,,,,,,
,Assassination Classroom,WINTER,Action,Comedy,Drama,Boys,Lerche,,,,,,,,,,,,,
,Aoashi,SPRING,Sports,Drama,,Men,Production I.G,,,,,,,,,,,,,
,Blue Spring Ride,SUMMER,Drama,Romance,Slice of Life,Girls,Production I.G,,,,,,,,,,,,,
,Blue Exorcist,SPRING,Action,Fantasy,Supernatural,Boys,A-1 Pictures,,,,,,,,,,,,,
,AOKANA: Four Rhythm Across the Blue,WINTER,Drama,Sci-FI,Sports,Seinen,GONZO,,,,,,,,,,,,,
,Blue Orchestra,SPRING,Drama,Music,School,Men,Nippon Animation,,,,,,,,,,,,,
,Aoharu x Machinegun,SUMMER,Action,Comedy,Slice of Life,Boys,Brain’s Base,,,,,,,,,,,,,
,Sweet Blue Flowers,SUMMER,Drama,Romance,Slice of Life,Women,J.C.STAFF,,,,,,,,,,,,,
,Aquarion,SPRING,Action,Mecha,Romance,Shounen,Satelight,,,,,,,,,,,,,
,O Maidens in Your Savage Season,SUMMER,Comedy,Drama,Romance,Seinen,Lay-duce,,,,,,,,,,,,,
,Arakawa Under the Bridge,SPRING,Comedy,Romance,,Seinen,Shaft,,,,,,,,,,,,,
,Arata: The Legend,SPRING,Adventure,Fantasy,,Shounen,Satelight,,,,,,,,,,,,,
,The Knight in the Area,WINTER,Comedy,Sports,,Shounen,Shin-Ei Animation,,,,,,,,,,,,,
,Arifureta: From Commonplace to World's Strongest,SUMMER,Action,Adventure,Fantasy,Shounen,WHITE FOX,,,,,,,,,,,,,
,Arte,SPRING,Drama,Romance,Slice of Life,Seinen,Seven Arcs,,,,,,,,,,,,,
,Shrine of the Morning Mist,SUMMER,Action,Comedy,Drama,Seinen,Chaos Project,,,,,,,,,,,,,
,Asari-chan,WINTER,Slice of Life,Comedy,,Shoujo,Toei Animation,,,,,,,,,,,,,
,Living for the Day After Tomorrow,FALL,Drama,Fantasy,Slice of Life,Seinen,J.C.STAFF,,,,,,,,,,,,,
,Tomorrow's Joe,SPRING,Action,Drama,Slice of Life,Shounen,Mushi Productions,,,,,,,,,,,,,
,Ashita no Nadja,WINTER,Adventure,Drama,Romance,Shoujo,Toei Animation,,,,,,,,,,,,,
,Asobi Asobase - workshop of fun -,SUMMER,Comedy,Slice of Life,Slice of Life,Seinen,Lerche,,,,,,,,,,,,,
,ASSASSINS PRIDE,FALL,Action,Comedy,Drama,Shounen,EMT Squared,,,,,,,,,,,,,
,Astro Boy (2003),SPRING,Action,Adventure,Mecha,Shounen,Tezuka Productions,,,,,,,,,,,,,
,Asura Cryin',SPRING,Action,Mecha,Supernatural,Shounen,Seven Arcs,,,,,,,,,,,,,
,Atom: The Beginning,SPRING,Mecha,Sci-Fi,Mecha,Seinen,Production I.G,,,,,,,,,,,,,
,Attack on Titan,SPRING,Action,Drama,Fantasy,Shounen,WIT STUDIO,,,,,,,,,,,,,
,Attack No.1,FALL,Drama,Sports,,Shoujo,Tokyo Movie Shinsha,,,,,,,,,,,,,
,Attacker You!,SPRING,Romance,Sports,,Shoujo,Knack Productions,,,,,,,,,,,,,
,"Ceres, Celestial Legend",SPRING,Adventure,Comedy,Drama,Shoujo,Studio Pierrot,,,,,,,,,,,,,
,B't X,SPRING,Adventure,Mecha,Sci-Fi,Shounen,Kyokuichi Tokyo Movie,,,,,,,,,,,,,
,Babel II: Beyond Infinity,FALL,Action,Adventure,Mystery,Shounen,Vega Entertainment,,,,,,,,,,,,,
,Baby Steps,SPRING,Romance,Sports,,Shounen,Studio Pierrot,,,,,,,,,,,,,
,Baccano!,SUMMER,Action,Mystery,Supernatural,Seinen,Brain's Base,,,,,,,,,,,,,
,Baka and Test - Summon the Beasts,WINTER,Comedy,Romance,Fantasy,Shounen,SILVER LINK.,,,,,,,,,,,,,
,Bakegyamon,SPRING,Action,Adventure,Comedy,Shounen,Radix,,,,,,,,,,,,,
,Bakuman.,FALL,Comedy,Drama,Romance,Shounen,J.C.STAFF,,,,,,,,,,,,,
,Beyblade,WINTER,Action,Adventure,Comedy,Shounen,MADHOUSE,,,,,,,,,,,,,
,Welcome to the Ballroom,SUMMER,Drama,Romance,Sports,Shounen,Production I.G,,,,,,,,,,,,,
,Bamboo Blade,FALL,Comedy,Sports,School,Seinen,AIC A.S.T.A.,,,,,,,,,,,,,
,BANANA FISH,SUMMER,Action,Drama,Psychological,Shoujo,MAPPA,,,,,,,,,,,,,
,BanG Dream!,WINTER,Comedy,Drama,Music,Shoujo,Xebec,,,,,,,,,,,,,
,Barakamon,SUMMER,Slice of Life,Comedy,,Seinen,Kinema Citrus,,,,,,,,,,,,,
,Requiem of the Rose King,WINTER,Action,Drama,Supernatural,Shoujo,J.C.STAFF,,,,,,,,,,,,,
,Bartender,FALL,Drama,Slice of Life,,Seinen,Palm Studio,,,,,,,,,,,,,
,BEASTARS,FALL,Drama,Mystery,Psychological,Shounen,Orange,,,,,,,,,,,,,
,BEATLESS,WINTER,Action,Drama,Romance,Seinen,diomedéa,,,,,,,,,,,,,
,Beck: Mongolian Chop Squad,FALL,Comedy,Drama,Music,Shounen,MADHOUSE,,,,,,,,,,,,,
,Beelzebub,WINTER,Action,Comedy,Supernatural,Shounen,Studio Signpost,,,,,,,,,,,,,
,As Miss Beelzebub Likes it.,FALL,Comedy,Fantasy,Romance,Shounen,LIDENFILMS,,,,,,,,,,,,,
,Handyman Saitou in Another World,WINTER,Adventure,Comedy,Fantasy,Seinen,C2C,,,,,,,,,,,,,
,Berserk,FALL,Action,Adventure,Drama,Seinen,OLM,,,,,,,,,,,,,
,Big X,SPRING,Action,Sci-Fi,,Shounen,Tokyo Movie Shinsha,,,,,,,,,,,,,
,Binbou Shimai Monogatari,SUMMER,Comedy,Drama,Slice of Life,Seinen,Toei Animation,,,,,,,,,,,,,
,Good Luck Girl!,SUMMER,Adventure,Comedy,Supernatural,Shounen,Sunrise,,,,,,,,,,,,,
,Sailor Moon,WINTER,Action,Adventure,Fantasy,Shoujo,Toei Animation,,,,,,,,,,,,,
,Black Blood Brothers,FALL,Action,Comedy,Fantasy,Seinen,Group TAC,,,,,,,,,,,,,
,Black Bullet,SPRING,Action,Drama,Mystery,Seinen,Kinema Citrus,,,,,,,,,,,,,
,Black Clover,FALL,Action,Adventure,Comedy,Shounen,Studio Pierrot,,,,,,,,,,,,,
,Black Lagoon,SPRING,Action,Adventure,Drama,Seinen,MADHOUSE,,,,,,,,,,,,,
,Bleach,FALL,Action,Adventure,Supernatural,Shounen,Studio Pierrot,,,,,,,,,,,,,
,BLEND-S,FALL,Comedy,Slice of Life,,Seinen,A-1 Pictures,,,,,,,,,,,,,
,Blood Lad,SUMMER,Action,Adventure,Comedy,Seinen,Brain's Base,,,,,,,,,,,,,
,Blood-C,SUMMER,Action,Horror,Mystery,Shounen,Production I.G,,,,,,,,,,,,,
,Blood+,FALL,Action,Drama,Horror,Seinen,Production I.G,,,,,,,,,,,,,
,BLUE LOCK,FALL,Action,Drama,Sports,Shounen,8-bit,,,,,,,,,,,,,
,Blue Period,FALL,Drama,Slice of Life,,Seinen,Seven Arcs,,,,,,,,,,,,,
,BNA,SPRING,Action,Comedy,Fantasy,Seinen,TRIGGER,,,,,,,,,,,,,
,Bobobo-bo Bo-bobo,FALL,Adventure,Comedy,Sci-Fi,Shounen,Toei Animation,,,,,,,,,,,,,
,BOCCHI THE ROCK!,FALL,Comedy,Music,Slice of Life,Seinen,CloverWorks,,,,,,,,,,,,,
,ERASED,WINTER,Drama,Mystery,Psychological,Seinen,A-1 Pictures,,,,,,,,,,,,,
,My Hero Academia,SPRING,Action,Adventure,Comedy,Shounen,bones,,,,,,,,,,,,,
,A Destructive God Sits Next to Me,WINTER,Comedy,Slice of Life,Slice of Life,Shoujo,EMT Squared,,,,,,,,,,,,,
,ME & ROBOCO,WINTER,Comedy,Slice of Life,,Shounen,Studio Gallop,,,,,,,,,,,,,
,We Were There,SUMMER,Drama,Romance,Slice of Life,Shoujo,Artland,,,,,,,,,,,,,
,The Kawai Complex Guide to Manors and Hostel Behavior,SPRING,Comedy,Romance,Slice of Life,Seinen,Brain's Base,,,,,,,,,,,,,
,Remake Our Life!,SUMMER,Drama,Romance,Slice of Life,Seinen,feel.,,,,,,,,,,,,,
,Boogiepop and Others,WINTER,Horror,Mystery,Psychological,Seinen,MADHOUSE,,,,,,,,,,,,,
,Boys Be...,SPRING,Comedy,Romance,Slice of Life,Shounen,Hal Film Maker,,,,,,,,,,,,,
,Brain Powerd,SPRING,Action,Adventure,Mecha,Shounen,Sunrise,,,,,,,,,,,,,
,Brave 10,WINTER,Action,Adventure,Samurai,Seinen,Studio Saki Makura,,,,,,,,,,,,,
,Broken Blade,SPRING,Action,Fantasy,Mecha,Shounen,Production I.G,,,,,,,,,,,,,
,Brigadoon,SUMMER,Adventure,Comedy,Drama,Shounen,Sunrise,,,,,,,,,,,,,
,Brothers Conflict,SUMMER,Romance,Harem,,Shoujo,Brain's Base,,,,,,,,,,,,,
,Bungo Stray Dogs,SPRING,Action,Comedy,Mystery,Seinen,bones,,,,,,,,,,,,,
,Bus Gamer,WINTER,Action,Drama,,Shoujo,Anpro,,,,,,,,,,,,,
,Arms Alchemy,FALL,Action,Comedy,Fantasy,Shounen,Xebec,,,,,,,,,,,,,
,Buzzer Beater,WINTER,Action,Sci-Fi,Sports,Shounen,TMS Entertainment,,,,,,,,,,,,,
,Canaan,SUMMER,Action,Sci-Fi,Supernatural,Seinen,P.A.WORKS,,,,,,,,,,,,,
,Candy Candy,FALL,Drama,Slice of Life,,Shoujo,Toei Animation,,,,,,,,,,,,,
,Canvas 2: Rainbow Colored Sketch,FALL,Comedy,Drama,Romance,Seinen,ZEXCS,,,,,,,,,,,,,
,Capeta,FALL,Drama,Sports,,Shounen,Studio Comet,,,,,,,,,,,,,
,Captain Tsubasa,FALL,Action,Sports,,Shounen,Tsuchida Productions,,,,,,,,,,,,,
,Cardcaptor Sakura,SPRING,Comedy,Drama,Fantasy,Shoujo,MADHOUSE,,,,,,,,,,,,,
,CARDFIGHT!! VANGUARD,SPRING,Action,Adventure,Fantasy,Shounen,OLM,,,,,,,,,,,,,
,Carole & Tuesday,SPRING,Drama,Music,Sci-Fi,Seinen,bones,,,,,,,,,,,,,
,Cat's Eye,SUMMER,Action,Adventure,Comedy,Shounen,Tokyo Movie Shinsha,,,,,,,,,,,,,
,A Centaur's Life,SUMMER,Comedy,Fantasy,Slice of Life,Seinen,Haoliners Animation,,,,,,,,,,,,,
,Chainsaw Man,FALL,Action,Drama,Horror,Shounen,MAPPA,,,,,,,,,,,,,
,Charlotte,SUMMER,Comedy,Drama,Romance,Seinen,P.A.WORKS,,,,,,,,,,,,,
,Drug Store in Another World - The Slow Life of a Cheat Pharmacist,SUMMER,Comedy,Fantasy,Slice of Life,Shounen,EMT Squared,,,,,,,,,,,,,
,Chi's Sweet Home,SPRING,Comedy,Slice of Life,,Kodomo,MADHOUSE,,,,,,,,,,,,,
,Chibi Maruko-chan,SUMMER,Comedy,Slice of Life,,Shoujo,Nippon Animation,,,,,,,,,,,,,
,A Little Snow Fairy Sugar,FALL,Comedy,Fantasy,Comedy,Shoujo,J.C.STAFF,,,,,,,,,,,,,
,Chihayafuru,FALL,Drama,Romance,Slice of Life,Josei,MADHOUSE,,,,,,,,,,,,,
,Chinpui,WINTER,Comedy,Fantasy,,Kodomo,Shin-Ei Animation,,,,,,,,,,,,,
,Chio's School Road,SUMMER,Comedy,Slice of Life,,Seinen,diomedéa,,,,,,,,,,,,,
,Chitose Get You!,SUMMER,Comedy,Romance,Slice of Life,Seinen,SILVER LINK.,,,,,,,,,,,,,
,Chocotto Sister,SUMMER,Comedy,Drama,Romance,Seinen,Nomad,,,,,,,,,,,,,
,High School Prodigies Have It Easy Even In Another World,FALL,Action,Adventure,Drama,Seinen,project No.9,,,,,,,,,,,,,
,Chrono Crusade,FALL,Action,Romance,Supernatural,Shounen,GONZO,,,,,,,,,,,,,
,Chrome Shelled Regios,WINTER,Action,Adventure,Fantasy,Shounen,ZEXCS,,,,,,,,,,,,,
,Cooking Master Boy,SPRING,Action,Adventure,Drama,Shounen,Nippon Animation,,,,,,,,,,,,,
,Mr. Tonegawa: Middle Management Blues,SUMMER,Comedy,Drama,Psychological,Seinen,MADHOUSE,,,,,,,,,,,,,
,"Love, Chunibyo & Other Delusions",FALL,Comedy,Drama,Romance,Shounen,Kyoto Animation,,,,,,,,,,,,,
,Cinderella Boy,SUMMER,Action,Adventure,Comedy,Seinen,Magic Bus,,,,,,,,,,,,,
,City Hunter,SPRING,Action,Comedy,Mystery,Shounen,Sunrise,,,,,,,,,,,,,
,CLAMP School Detectives,SPRING,Action,Comedy,Mystery,Shoujo,Studio Pierrot,,,,,,,,,,,,,
,Clannad,FALL,Comedy,Drama,Romance,Seinen,Kyoto Animation,,,,,,,,,,,,,
,Claymore,SPRING,Action,Adventure,Fantasy,Shounen,MADHOUSE,,,,,,,,,,,,,
,Code Geass: Lelouch of the Rebellion,FALL,Action,Drama,Mecha,Seinen,Sunrise,,,,,,,,,,,,,
,Code:Breaker,FALL,Action,Comedy,Supernatural,Shounen,Kinema Citrus,,,,,,,,,,,,,
,Comic Girls,SPRING,Comedy,Slice of Life,School,Seinen,Nexus,,,,,,,,,,,,,
,Comic Party,SPRING,Comedy,Drama,Slice of Life,Seinen,OLM,,,,,,,,,,,,,
,Concrete Revolutio,FALL,Action,Drama,Fantasy,Seinen,bones,,,,,,,,,,,,,
,Cooking Papa,SPRING,Comedy,Slice of Life,Gourmet,Seinen,Eiken,,,,,,,,,,,,,
,"Play It Cool, Guys",FALL,Comedy,Slice of Life,,Josei,Studio Pierrot,,,,,,,,,,,,,
,Coppelion,FALL,Action,Sci-Fi,,Seinen,GoHands,,,,,,,,,,,,,
,Corrector Yui,SPRING,Adventure,Comedy,Magical Girl,Shoujo,Nippon Animation,,,,,,,,,,,,,
,Cowboy Bebop,SPRING,Action,Adventure,Drama,Seinen,Sunrise,,,,,,,,,,,,,
,Croket!,SPRING,Action,Adventure,Comedy,Kodomo,OLM,,,,,,,,,,,,,
,Cross Game,SPRING,Comedy,Drama,Romance,Shounen,SynergySP,,,,,,,,,,,,,
,Cuticle Detective Inaba,WINTER,Action,Comedy,Mystery,Shounen,ZEXCS,,,,,,,,,,,,,
,Cyborg Kuro-chan,FALL,Comedy,Sci-Fi,,Kodomo,Public & Basic,,,,,,,,,,,,,
,D-Frag!,WINTER,Comedy,School,,Seinen,Brain's Base,,,,,,,,,,,,,
,D.Gray-man,FALL,Action,Adventure,Drama,Shounen,TMS Entertainment,,,,,,,,,,,,,
,D.N.Angel,SPRING,Action,Comedy,Fantasy,Shoujo,Xebec,,,,,,,,,,,,,
,Daa! Daa! Daa!,SPRING,Comedy,Sci-Fi,,Shoujo,J.C.STAFF,,,,,,,,,,,,,
,A Good Librarian Like a Good Shepherd,FALL,Comedy,Romance,,Seinen,Hoods Entertainment,,,,,,,,,,,,,
,Dan Doh!!,SPRING,Adventure,Sports,,Shounen,Tokyo Kids,,,,,,,,,,,,,
,Dance Dance Danseur,SPRING,Drama,Romance,Slice of Life,Seinen,MAPPA,,,,,,,,,,,,,
,Danchigai,SUMMER,Comedy,Slice of Life,,Seinen,Creators in Pack,,,,,,,,,,,,,
,Danganronpa: The Animation,SUMMER,Horror,Mystery,Psychological,Seinen,Lerche,,,,,,,,,,,,,
,I Can't Understand What My Husband Is Saying,FALL,Comedy,Romance,Slice of Life,Seinen,Seven,,,,,,,,,,,,,
,The Severing Crime Edge,SPRING,Action,Fantasy,Romance,Seinen,Studio Gokumi,,,,,,,,,,,,,
,Daily Lives of High School Boys,WINTER,Comedy,Slice of Life,School,Shounen,Sunrise,,,,,,,,,,,,,
,The Mystic Archives of Dantalian,SUMMER,Action,Mystery,Supernatural,Seinen,Gainax,,,,,,,,,,,,,
,Darker than Black,SPRING,Action,Mystery,Sci-Fi,Seinen,bones,,,,,,,,,,,,,
,DARLING in the FRANXX,WINTER,Action,Drama,Mecha,Seinen,TRIGGER,,,,,,,,,,,,,
,Darwin's Game,WINTER,Action,Mystery,Sci-Fi,Shounen,Nexus,,,,,,,,,,,,,
,Dead Mount Death Play,SPRING,Action,Fantasy,Supernatural,Seinen,GEEKTOYS,,,,,,,,,,,,,
,Deadman Wonderland,SPRING,Action,Drama,Sci-Fi,Shounen,Manglobe,,,,,,,,,,,,,
,Deaimon: Recipe for Happiness,SPRING,Slice of Life,,,Seinen,Encourage Films,,,,,,,,,,,,,
,Hoop Days,SPRING,Drama,Sports,,Shounen,A.C.G.T.,,,,,,,,,,,,,
,Death March to the Parallel World Rhapsody,WINTER,Action,Adventure,Comedy,Shounen,SILVER LINK.,,,,,,,,,,,,,
,Death Note,FALL,Mystery,Psychological,Supernatural,Shounen,MADHOUSE,,,,,,,,,,,,,
,Battle Game in 5 Seconds,SUMMER,Action,Drama,Supernatural,Seinen,Vega Entertainment,,,,,,,,,,,,,
,The Masterful Cat is Depressed Again Today,SUMMER,Comedy,Fantasy,Slice of Life,Shounen,GoHands,,,,,,,,,,,,,
,Deltora Quest,WINTER,Adventure,Fantasy,,Shounen,OLM,,,,,,,,,,,,,
,Interviews with Monster Girls,WINTER,Slice of Life,Supernatural,,Seinen,A-1 Pictures,,,,,,,,,,,,,
,DENKI-GAI,FALL,Comedy,Slice of Life,,Seinen,Shin-Ei Animation,,,,,,,,,,,,,
,Den-noh Coil,SPRING,Adventure,Comedy,Drama,Seinen,MADHOUSE,,,,,,,,,,,,,
,Ultimate Otaku Teacher,SPRING,Comedy,Romance,School,Shounen,A-1 Pictures,,,,,,,,,,,,,
,Ground Control to Psychoelectric Girl,SPRING,Comedy,Slice of Life,Slice of Life,Seinen,Shaft,,,,,,,,,,,,,
,The Legend of the Legendary Heroes,SUMMER,Action,Adventure,Fantasy,Shounen,ZEXCS,,,,,,,,,,,,,
,Case Closed,WINTER,Adventure,Comedy,Mystery,Shounen,TMS Entertainment,,,,,,,,,,,,,
,Devil May Cry,SUMMER,Action,Fantasy,Demons,Seinen,MADHOUSE,,,,,,,,,,,,,
,Devilman,SUMMER,Action,Fantasy,Horror,Shounen,Toei Animation,,,,,,,,,,,,,
,Devils' Line,SPRING,Action,Drama,Horror,Seinen,Platinum Vision,,,,,,,,,,,,,
,Ace of the Diamond,FALL,Sports,School,,Shounen,Production I.G,,,,,,,,,,,,,
,Digimon: Digital Monsters,SPRING,Action,Adventure,Comedy,Shounen,Toei Animation,,,,,,,,,,,,,
,Digimon Frontier,SPRING,Action,Adventure,Drama,Shounen,Toei Animation,,,,,,,,,,,,,
,Digimon Tamers,SPRING,Action,Adventure,Drama,Shounen,Toei Animation,,,,,,,,,,,,,
,Digimon Fusion,SUMMER,Action,Adventure,Comedy,Shounen,Toei Animation,,,,,,,,,,,,,
,Dimension W,WINTER,Action,Sci-Fi,,Seinen,Studio 3Hz,,,,,,,,,,,,,
,Dog Days,SPRING,Action,Adventure,Fantasy,Seinen,Seven Arcs,,,,,,,,,,,,,
,Dokaben,FALL,Action,Sports,,Shounen,Nippon Animation,,,,,,,,,,,,,
,Laughing Under the Clouds,FALL,Action,Historical,Fantasy,Shoujo,Doga Kobo,,,,,,,,,,,,,
,Doraemon,SPRING,Adventure,Comedy,Fantasy,Kodomo,Shin-Ei Animation,,,,,,,,,,,,,
,Dorohedoro,WINTER,Action,Adventure,Comedy,Seinen,MAPPA,,,,,,,,,,,,,
,Dororo,WINTER,Action,Adventure,Drama,Shounen,MAPPA,,,,,,,,,,,,,
,Dojin Work,SUMMER,Comedy,Slice of Life,,Seinen,Remic,,,,,,,,,,,,,
,My Roommate is a Cat,WINTER,Comedy,Slice of Life,,Shoujo,Zero-G,,,,,,,,,,,,,
,Dr. Rin ni Kiitemite!,SPRING,Comedy,Fantasy,Romance,Shoujo,Studio Comet,,,,,,,,,,,,,
,Dr. Slump,FALL,Comedy,Slice of Life,,Shounen,Toei Animation,,,,,,,,,,,,,
,Dr. STONE,SUMMER,Action,Adventure,Comedy,Shounen,TMS Entertainment,,,,,,,,,,,,,
,Dragon Ball,WINTER,Action,Adventure,Comedy,Shounen,Toei Animation,,,,,,,,,,,,,
,Dragon Ball Super,SUMMER,Action,Adventure,Comedy,Shounen,Toei Animation,,,,,,,,,,,,,
,Dragon Crisis,WINTER,Action,Romance,Supernatural,Shounen,Studio DEEN,,,,,,,,,,,,,
,Dragon Drive,SUMMER,Action,Adventure,Comedy,Shounen,MADHOUSE,,,,,,,,,,,,,
,Dragon Goes House-Hunting,SPRING,Comedy,Fantasy,Comedy,Shounen,Signal.MD,,,,,,,,,,,,,
,Dragonaut -THE RESONANCE-,FALL,Action,Drama,Fantasy,Seinen,GONZO,,,,,,,,,,,,,
,DRAMAtical Murder,SUMMER,Action,Drama,Mystery,Seinen,NAZ,,,,,,,,,,,,,
,DRIFTERS,FALL,Action,Adventure,Comedy,Seinen,Hoods Entertainment,,,,,,,,,,,,,
,Is It Wrong to Try to Pick Up Girls in a Dungeon?,SPRING,Action,Adventure,Comedy,Seinen,J.C.STAFF,,,,,,,,,,,,,
,Eat-Man,WINTER,Action,Adventure,Sci-Fi,Shounen,Studio DEEN,,,,,,,,,,,,,
,Eden's Bowy,SPRING,Action,Romance,Adventure,Shounen,Studio DEEN,,,,,,,,,,,,,
,EDENS ZERO,SPRING,Action,Adventure,Comedy,Shounen,J.C.STAFF,,,,,,,,,,,,,
,Otaku Elf,SPRING,Comedy,Slice of Life,Supernatural,Shounen,C2C,,,,,,,,,,,,,
,Fire Force,SUMMER,Action,Drama,Sci-Fi,Shounen,David Production,,,,,,,,,,,,,
,Ensemble Stars!,SUMMER,Music,Slice of Life,,Shoujo,David Production,,,,,,,,,,,,,
,Elemental Gelade,SPRING,Adventure,Comedy,Fantasy,Shounen,Xebec,,,,,,,,,,,,,
,Atelier Escha & Logy ~Alchemists of the Dusk Sky~,SPRING,Adventure,Fantasy,Slice of Life,Seinen,Studio Gokumi,,,,,,,,,,,,,
,Etotama,SPRING,Action,Comedy,Fantasy,Shounen,Shirogumi,,,,,,,,,,,,,
,EX-ARM,WINTER,Action,Sci-Fi,,Seinen,Visual Flight,,,,,,,,,,,,,
,Eyeshield 21,SPRING,Action,Comedy,Sports,Shounen,Studio Gallop,,,,,,,,,,,,,
,F,SPRING,Sports,Drama,,Shounen,Studio DEEN,,,,,,,,,,,,,
,Fairy Tail,FALL,Action,Adventure,Comedy,Shounen,Satelight,,,,,,,,,,,,,
,Life With an Ordinary Guy Who Reincarnated Into a Total Fantasy Knockout,WINTER,Adventure,Comedy,Fantasy,Shounen,OLM,,,,,,,,,,,,,
,Fate/Apocrypha,SUMMER,Action,Drama,Fantasy,Seinen,A-1 Pictures,,,,,,,,,,,,,
,Fate/stay night,WINTER,Action,Fantasy,Romance,Seinen,Studio DEEN,,,,,,,,,,,,,
,Fate/stay night: Unlimited Blade Works,FALL,Action,Fantasy,Supernatural,Seinen,ufotable,,,,,,,,,,,,,
,Fate/Zero,FALL,Action,Drama,Fantasy,Seinen,ufotable,,,,,,,,,,,,,
,Flying Witch,SPRING,Slice of Life,Supernatural,Supernatural,Shounen,J.C.STAFF,,,,,,,,,,,,,
,Fractale,WINTER,Adventure,Fantasy,Sci-Fi,Seinen,A-1 Pictures,,,,,,,,,,,,,
,Fresh Precure!,WINTER,Action,Comedy,Fantasy,Shoujo,Toei Animation,,,,,,,,,,,,,
,Fruits Basket,SUMMER,Comedy,Drama,Romance,Shoujo,Studio DEEN,,,,,,,,,,,,,
,The Highschool Life of a Fudanshi,SUMMER,Comedy,Slice of Life,School,Josei,EMT Squared,,,,,,,,,,,,,
,The Morose Mononokean,SUMMER,Supernatural,Comedy,Fantasy,Shounen,Studio Signpost,,,,,,,,,,,,,
,Anonymous Noise,SPRING,Music,Romance,Drama,Shoujo,Brain's Base,,,,,,,,,,,,,
,Full Metal Panic!,WINTER,Action,Comedy,Mecha,Seinen,GONZO,,,,,,,,,,,,,
,Looking for the Full Moon,SPRING,Comedy,Drama,Magical Girl,Shoujo,Studio DEEN,,,,,,,,,,,,,
,Fullmetal Alchemist,FALL,Action,Adventure,Drama,Shounen,bones,,,,,,,,,,,,,
,To Your Eternity,SPRING,Adventure,Drama,Fantasy,Shounen,Brain's Base,,,,,,,,,,,,,
,Crossing Time,SPRING,Comedy,Slice of Life,,Seinen,EKACHI EPILKA,,,,,,,,,,,,,
,The Great Passage,FALL,Drama,Romance,Slice of Life,Josei,ZEXCS,,,,,,,,,,,,,
,Fushigi na Melmo,FALL,Adventure,Comedy,Drama,Shoujo,Tezuka Productions,,,,,,,,,,,,,
,Fushigi Yugi: The Mysterious Play,SPRING,Adventure,Comedy,Drama,Shoujo,Studio Pierrot,,,,,,,,,,,,,
,Futakoi Alternative,SPRING,Comedy,Drama,Romance,Seinen,ufotable,,,,,,,,,,,,,
,Precure,WINTER,Action,Adventure,Comedy,Shoujo,Toei Animation,,,,,,,,,,,,,
,Twin Spica,FALL,Drama,Sci-Fi,Supernatural,Seinen,Group TAC,,,,,,,,,,,,,
,GA Geijutsuka Art Design Class,SUMMER,Comedy,Slice of Life,Slice of Life,Seinen,AIC Plus+,,,,,,,,,,,,,
,Gabriel DropOut,WINTER,Comedy,Slice of Life,Supernatural,Shounen,Doga Kobo,,,,,,,,,,,,,
,Skeleton Knight in Another World,SPRING,Action,Adventure,Comedy,Shounen,Studio KAI,,,,,,,,,,,,,
,Skull-face Bookseller Honda-san,FALL,Comedy,Slice of Life,,Shoujo,DLE,,,,,,,,,,,,,
,SCHOOL-LIVE!,SUMMER,Horror,Mystery,Psychological,Seinen,Lerche,,,,,,,,,,,,,
,Gakuen Alice,FALL,Comedy,Drama,Fantasy,Shoujo,Group TAC,,,,,,,,,,,,,
,School Babysitters,WINTER,Comedy,Slice of Life,,Shoujo,Brain's Base,,,,,,,,,,,,,
,Gakuen Utopia Manabi Straight!,WINTER,Comedy,Sci-Fi,Slice of Life,Seinen,ufotable,,,,,,,,,,,,,
,Gal & Dino,SPRING,Comedy,Slice of Life,,Seinen,Space Neko Company,,,,,,,,,,,,,
,Galaxy Angel,SPRING,Comedy,Sci-Fi,,Shounen,MADHOUSE,,,,,,,,,,,,,
,GAMERS!,SUMMER,Comedy,Drama,Romance,Seinen,PINE JAM,,,,,,,,,,,,,
,Ganbare Genki,SUMMER,Action,Comedy,Sports,Shounen,Toei Animation,,,,,,,,,,,,,
,GANGSTA.,SUMMER,Action,Drama,,Seinen,Manglobe,,,,,,,,,,,,,
,Gankutsuou: The Count of Monte Cristo,FALL,Drama,Mystery,Sci-Fi,Seinen,GONZO,,,,,,,,,,,,,
,Gate Keepers,SPRING,Action,Comedy,Fantasy,Shounen,GONZO,,,,,,,,,,,,,
,Gate,SUMMER,Action,Adventure,Fantasy,Seinen,A-1 Pictures,,,,,,,,,,,,,
,Monthly Girls' Nozaki-kun,SUMMER,Comedy,Romance,Slice of Life,Shounen,Doga Kobo,,,,,,,,,,,,,
,Day Break Illusion,SUMMER,Action,Magical Girl,Fantasy,Seinen,AIC,,,,,,,,,,,,,
,How a Realist Hero Rebuilt the Kingdom,SUMMER,Action,Adventure,Fantasy,Seinen,J.C.STAFF,,,,,,,,,,,,,
,Genshiken,FALL,Comedy,Slice of Life,,Seinen,Palm Studio,,,,,,,,,,,,,
,GetBackers,FALL,Action,Comedy,Drama,Shounen,Studio DEEN,,,,,,,,,,,,,
,Getter Robo,SPRING,Action,Mecha,Sci-Fi,Shounen,Toei Animation,,,,,,,,,,,,,
,Ghost Hunt,FALL,Comedy,Horror,Mystery,Shoujo,J.C.STAFF,,,,,,,,,,,,,
,Girlish Number,FALL,Comedy,Slice of Life,,Seinen,diomedéa,,,,,,,,,,,,,
,Giant Killing,SPRING,Drama,Sports,,Seinen,Studio DEEN,,,,,,,,,,,,,
,Gilgamesh,FALL,Drama,Fantasy,Sci-Fi,Seinen,Group TAC,,,,,,,,,,,,,
,Silver Spoon,SUMMER,Comedy,Slice of Life,School,Shounen,A-1 Pictures,,,,,,,,,,,,,
,Skating Rink Kaleidoscope,FALL,Drama,Romance,Sports,Shoujo,Karaku,,,,,,,,,,,,,
,Ginga Densetsu Weed,FALL,Action,Adventure,Drama,Seinen,Studio DEEN,,,,,,,,,,,,,
,Ginga Nagareboshi Gin,SPRING,Action,Adventure,Drama,Shounen,Toei Animation,,,,,,,,,,,,,
,Galaxy Express 999,FALL,Adventure,Drama,Mecha,Shounen,Toei Animation,,,,,,,,,,,,,
,Gingitsune: Messenger Fox of the Gods,FALL,Slice of Life,Supernatural,,Seinen,diomedéa,,,,,,,,,,,,,
,Gintama,SPRING,Action,Comedy,Drama,Shounen,Sunrise,,,,,,,,,,,,,
,Girls und Panzer,WINTER,Action,Slice of Life,Sports,Seinen,Actas,,,,,,,,,,,,,
,given,SUMMER,Drama,Music,Romance,Seinen,Lerche,,,,,,,,,,,,,
,GJ Club,WINTER,Comedy,Slice of Life,School,Seinen,Doga Kobo,,,,,,,,,,,,,
,Glass Mask,SPRING,Drama,Romance,,Shoujo,Eiken,,,,,,,,,,,,,
,GOBLIN SLAYER,FALL,Action,Adventure,Fantasy,Seinen,WHITE FOX,,,,,,,,,,,,,
,Is the Order a Rabbit?,SPRING,Slice of Life,Comedy,,Seinen,WHITE FOX,,,,,,,,,,,,,
,Gokinjo Monogatari,FALL,Comedy,Drama,Romance,Shoujo,Toei Animation,,,,,,,,,,,,,
,Brynhildr in the Darkness,SPRING,Drama,Fantasy,Mystery,Seinen,Arms,,,,,,,,,,,,,
,The Gokusen,WINTER,Comedy,Drama,Slice of Life,Josei,MADHOUSE,,,,,,,,,,,,,
,Golden Kamuy,SPRING,Action,Adventure,Comedy,Seinen,Geno Studio,,,,,,,,,,,,,
,Golden Time,FALL,Romance,Comedy,Supernatural,Seinen,J.C.STAFF,,,,,,,,,,,,,
,Gon,SPRING,Adventure,Fantasy,Action,Kodomo,Daewon Media,,,,,,,,,,,,,
,Gosick,WINTER,Drama,Mystery,Romance,Seinen,bones,,,,,,,,,,,,,
,Record of Grancrest War,WINTER,Action,Fantasy,Romance,Seinen,A-1 Pictures,,,,,,,,,,,,,
,Grand Blue Dreaming,SUMMER,Comedy,Slice of Life,Sports,Seinen,Zero-G,,,,,,,,,,,,,
,Gravitation TV,FALL,Comedy,Music,Romance,Shoujo,Studio DEEN,,,,,,,,,,,,,
,Great Pretender,SPRING,Action,Comedy,Drama,Seinen,WIT STUDIO,,,,,,,,,,,,,
,Gugure! Kokkuri-san,FALL,Comedy,Supernatural,,Shounen,TMS Entertainment,,,,,,,,,,,,,
,Guilty Crown,FALL,Action,Drama,Mecha,Seinen,Production I.G,,,,,,,,,,,,,
,Guin Saga,SPRING,Action,Adventure,Fantasy,Seinen,Satelight,,,,,,,,,,,,,
,Gun Frontier,SPRING,Action,Adventure,Sci-Fi,Shounen,Vega Entertainment,,,,,,,,,,,,,
,Gunslinger Girl,FALL,Action,Drama,Psychological,Seinen,MADHOUSE,,,,,,,,,,,,,
,H2,SUMMER,Comedy,Romance,Sports,Shounen,Ashi Productions,,,,,,,,,,,,,
,H2O: Footprints in the Sand,WINTER,Romance,Romance,Supernatural,Seinen,ZEXCS,,,,,,,,,,,,,
,The 8th Son? Are You Kidding Me?,SPRING,Adventure,Fantasy,,Shounen,SynergySP,,,,,,,,,,,,,
,Honey and Clover,SPRING,Comedy,Drama,Romance,Josei,J.C.STAFF,,,,,,,,,,,,,
,Grimgar of Fantasy and Ash,WINTER,Action,Adventure,Drama,Seinen,A-1 Pictures,,,,,,,,,,,,,
,Smart-san,SUMMER,Drama,Romance,Slice of Life,Shoujo,Nippon Animation,,,,,,,,,,,,,
,HAIKYU!!,SPRING,Comedy,Drama,Sports,Shounen,Production I.G,,,,,,,,,,,,,
,Haiyoru! Nyaruani,SPRING,Comedy,Sci-Fi,Parody,Seinen,DLE,,,,,,,,,,,,,
,Hajime No Ippo: The Fighting! - Rising -,FALL,Comedy,Drama,Sports,Shounen,MADHOUSE,,,,,,,,,,,,,
,Hakata Tonkotsu Ramens,WINTER,Action,Mystery,,Seinen,Satelight,,,,,,,,,,,,,
,Hakkenden: Eight Dogs of the East,WINTER,Action,Fantasy,Supernatural,Shoujo,Studio DEEN,,,,,,,,,,,,,
,Hakumei and Mikochi,WINTER,Fantasy,Slice of Life,,Seinen,Lerche,,,,,,,,,,,,,
,Hakuoki ~Demon of the Fleeting Blossom~,SPRING,Action,Drama,Supernatural,Shoujo,Studio DEEN,,,,,,,,,,,,,
,Earl and Fairy,FALL,Adventure,Fantasy,Romance,Shoujo,Artland,,,,,,,,,,,,,
,Hamster Club,FALL,Comedy,Slice of Life,,Kodomo,Vega Entertainment,,,,,,,,,,,,,
,Hana Yori Dango (Boys Over Flowers),FALL,Comedy,Drama,Romance,Shoujo,Toei Animation,,,,,,,,,,,,,
,Hanada Shounen-shi,FALL,Comedy,Drama,Slice of Life,Seinen,MADHOUSE,,,,,,,,,,,,,
,Hanamaru Kindergarten,WINTER,Comedy,Romance,Slice of Life,Seinen,Gainax,,,,,,,,,,,,,
,Hanasakeru Seishounen,SPRING,Drama,Romance,,Shoujo,Studio Pierrot,,,,,,,,,,,,,
,Hanasaku Iroha ~Blossoms for Tomorrow~,SPRING,Drama,Slice of Life,Romance,Seinen,P.A.WORKS,,,,,,,,,,,,,
,HaNaYaMaTa,SUMMER,Comedy,Slice of Life,School,Seinen,MADHOUSE,,,,,,,,,,,,,
,Looking Up at the Half-Moon,WINTER,Comedy,Drama,Romance,Seinen,Group TAC,,,,,,,,,,,,,
,Handa-kun,SUMMER,Comedy,Slice of Life,,Shounen,diomedéa,,,,,,,,,,,,,
,HANEBADO!,SUMMER,Drama,Slice of Life,Sports,Seinen,LIDENFILMS,,,,,,,,,,,,,
,Happiness!,FALL,Comedy,Romance,School,Seinen,Artland,,,,,,,,,,,,,
,Happy Happy Clover,SUMMER,Comedy,Fantasy,Slice of Life,Shoujo,Group TAC,,,,,,,,,,,,,
,Happy Sugar Life,SUMMER,Drama,Horror,Mystery,Seinen,Ezo’la,,,,,,,,,,,,,
,Hataraki Man,FALL,Comedy,Drama,Romance,Seinen,Gallop,,,,,,,,,,,,,
,The Devil is a Part-Timer!,SPRING,Comedy,Fantasy,Romance,Seinen,WHITE FOX,,,,,,,,,,,,,
,Cells at Work!,SUMMER,Action,Comedy,Sci-Fi,Shounen,David Production,,,,,,,,,,,,,
,Hatenkou Yugi,WINTER,Adventure,Comedy,Drama,Josei,Studio DEEN,,,,,,,,,,,,,
,First Love Monster,SUMMER,Comedy,Romance,,Shoujo,Studio DEEN,,,,,,,,,,,,,
,Hayate the Combat Butler!!,SPRING,Action,Comedy,Romance,Shounen,J.C.STAFF,,,,,,,,,,,,,
,Heat Guy J,FALL,Action,Adventure,Mecha,Seinen,Satelight,,,,,,,,,,,,,
,Heavy Object,FALL,Action,Comedy,Mecha,Shounen,J.C.STAFF,,,,,,,,,,,,,
,The Idaten Deities Know Only Peace,SUMMER,Action,Adventure,Fantasy,Seinen,MAPPA,,,,,,,,,,,,,
,Hellsing,FALL,Action,Horror,Supernatural,Seinen,GONZO,,,,,,,,,,,,,
,Hentai Prince & the Stony Cat,SPRING,Comedy,Romance,Supernatural,Seinen,J.C.STAFF,,,,,,,,,,,,,
,HEROMAN,SPRING,Action,Mecha,Sci-Fi,Shounen,bones,,,,,,,,,,,,,
,Phoenix,SPRING,Adventure,Drama,Sci-Fi,Shounen,Tezuka Productions,,,,,,,,,,,,,
,Sunny Ryoko,SPRING,Comedy,Romance,Sports,Shoujo,Group TAC,,,,,,,,,,,,,
,Sound! Euphonium,SPRING,Drama,Music,Slice of Life,Seinen,Kyoto Animation,,,,,,,,,,,,,
,Hidamari no Ki,SPRING,Drama,Drama,Samurai,Seinen,MADHOUSE,,,,,,,,,,,,,
,Hidamari Sketch,WINTER,Comedy,Slice of Life,,Seinen,Shaft,,,,,,,,,,,,,
,"Higehiro: After Being Rejected, I Shaved and Took in a High School Runaway",SPRING,Drama,Romance,Slice of Life,Seinen,project No.9,,,,,,,,,,,,,
,The Most Heretical Last Boss Queen: From Villainess to Savior,SUMMER,Comedy,Fantasy,Romance,Josei,OLM,,,,,,,,,,,,,
,High School! Kimengumi,FALL,Comedy,Romance,,Shounen,Studio Comet,,,,,,,,,,,,,
,Hi Score Girl: Extra Stage,WINTER,Comedy,Drama,Romance,Seinen,J.C.STAFF,,,,,,,,,,,,,
,Hikari no Densetsu,SPRING,Music,Romance,Sports,Shoujo,Tatsunoko Production,,,,,,,,,,,,,
,Hikaru no Go,FALL,Comedy,Sports,Supernatural,Shounen,Studio Pierrot,,,,,,,,,,,,,
,Hime-chan no Ribbon,FALL,Comedy,Fantasy,Magical Girl,Shoujo,Studio Gallop,,,,,,,,,,,,,
,Himouto! Umaru-chan,SUMMER,Comedy,Slice of Life,,Seinen,Doga Kobo,,,,,,,,,,,,,
,Hinako Note,SPRING,Comedy,Slice of Life,School,Seinen,Passione,,,,,,,,,,,,,
,Hinomaru Sumo,FALL,Action,Sports,,Shounen,GONZO,,,,,,,,,,,,,
,Hitohira,SPRING,Drama,Romance,Slice of Life,Seinen,Xebec,,,,,,,,,,,,,
,Hitorijime My Hero,SUMMER,Romance,Slice of Life,Slice of Life,Shoujo,Encourage Films,,,,,,,,,,,,,
,Chaika -The Coffin Princess-,SPRING,Action,Adventure,Comedy,Seinen,bones,,,,,,,,,,,,,
,Fist of the North Star,FALL,Action,Drama,Sci-Fi,Shounen,Toei Animation,,,,,,,,,,,,,
,Mirage of Blaze,WINTER,Action,Drama,Romance,Shoujo,MADHOUSE,,,,,,,,,,,,,
,Honoo no Toukyuuji: Dodge Danpei,FALL,Comedy,Sports,,Shounen,Animation 21,,,,,,,,,,,,,
,Ascendance of a Bookworm,FALL,Fantasy,Slice of Life,,Josei,Ajiado,,,,,,,,,,,,,
,Hozuki's Coolheadedness,WINTER,Comedy,Fantasy,Supernatural,Seinen,WIT STUDIO,,,,,,,,,,,,,
,Horimiya,WINTER,Comedy,Romance,Slice of Life,Shounen,CloverWorks,,,,,,,,,,,,,
,Lucifer and the Biscuit Hammer,SUMMER,Action,Comedy,Drama,Seinen,NAZ,,,,,,,,,,,,,
,After School Dice Club,FALL,Comedy,Slice of Life,,Shounen,LIDENFILMS,,,,,,,,,,,,,
,Diary of Our Days at the Breakwater,SPRING,Comedy,Slice of Life,Sports,Seinen,Doga Kobo,,,,,,,,,,,,,
,Wandering Son,WINTER,Drama,Romance,Slice of Life,Seinen,AIC,,,,,,,,,,,,,
,Land of the Lustrous,FALL,Action,Drama,Fantasy,Seinen,Orange,,,,,,,,,,,,,
,The Case Files of Jeweler Richard,WINTER,Drama,Mystery,Slice of Life,Josei,Shuka,,,,,,,,,,,,,
,Hunter x Hunter,FALL,Action,Adventure,Fantasy,Shounen,Nippon Animation,,,,,,,,,,,,,
,HYAKKO,FALL,Comedy,Slice of Life,Slice of Life,Shounen,Nippon Animation,,,,,,,,,,,,,
,Hyouge Mono,SPRING,Comedy,Drama,,Seinen,Bee Train,,,,,,,,,,,,,
,Hyouka,SPRING,Mystery,Romance,Slice of Life,Seinen,Kyoto Animation,,,,,,,,,,,,,
,Hyper Police,SPRING,Action,Comedy,Fantasy,Shounen,Studio Pierrot,,,,,,,,,,,,,
,Strawberry Marshmallow,SUMMER,Comedy,Slice of Life,,Seinen,Daume,,,,,,,,,,,,,
,IDOLiSH7,FALL,Drama,Music,Slice of Life,Josei,TROYCA,,,,,,,,,,,,,
,"DON'T TOY WITH ME, MISS NAGATORO",SPRING,Comedy,Romance,Slice of Life,Shounen,Telecom Animation Film,,,,,,,,,,,,,
,Ikebukuro West Gate Park,FALL,Drama,Mystery,,Seinen,Doga Kobo,,,,,,,,,,,,,
,Inari Kon Kon,WINTER,Comedy,Romance,Supernatural,Seinen,Production IMS,,,,,,,,,,,,,
,Inazuma Eleven,FALL,Sports,Supernatural,,Shounen,OLM,,,,,,,,,,,,,
,Infinite Dendrogram,WINTER,Action,Adventure,Fantasy,Seinen,NAZ,,,,,,,,,,,,,
,When Supernatural Battles Became Commonplace,FALL,Comedy,Fantasy,Romance,Seinen,TRIGGER,,,,,,,,,,,,,
,Dog & Scissors,SUMMER,Comedy,Supernatural,,Seinen,GONZO,,,,,,,,,,,,,
,Inu X Boku Secret Service,WINTER,Comedy,Romance,Supernatural,Shounen,David Production,,,,,,,,,,,,,
,Inugami-san to Nekoyama-san,SPRING,Comedy,Slice of Life,Slice of Life,Seinen,Seven,,,,,,,,,,,,,
,InuYasha,FALL,Action,Adventure,Comedy,Shounen,Sunrise,,,,,,,,,,,,,
,INUYASHIKI LAST HERO,FALL,Action,Drama,Psychological,Seinen,MAPPA,,,,,,,,,,,,,
,Isekai Cheat Magician,SUMMER,Action,Adventure,Fantasy,Shounen,Encourage Films,,,,,,,,,,,,,
,"I Got a Cheat Skill in Another World and Became Unrivaled in The Real World, Too",SPRING,Action,Adventure,Fantasy,Shounen,Millepensee,,,,,,,,,,,,,
,Farming Life in Another World,WINTER,Fantasy,Slice of Life,,Seinen,Zero-G,,,,,,,,,,,,,
,Uncle from Another World,SUMMER,Adventure,Comedy,Fantasy,Seinen,Atelier Pontdarc,,,,,,,,,,,,,
,My One-Hit Kill Sister,SPRING,Comedy,Fantasy,Romance,Shounen,Gekkou,,,,,,,,,,,,,
,Restaurant to Another World,SUMMER,Fantasy,Slice of Life,,Seinen,SILVER LINK.,,,,,,,,,,,,,
,Summoned to Another World for a Second Time,SPRING,Adventure,Comedy,Fantasy,Shounen,Studio elle,,,,,,,,,,,,,
,In Another World With My Smartphone,SUMMER,Adventure,Comedy,Fantasy,Shounen,Ashi Productions,,,,,,,,,,,,,
,Parallel World Pharmacy,SUMMER,Fantasy,Medical,,Seinen,diomedéa,,,,,,,,,,,,,
,One Week Friends,SPRING,Comedy,Drama,Romance,Shounen,Brain's Base,,,,,,,,,,,,,
,"BOFURI: I Don't Want to Get Hurt, so I'll Max Out My Defense.",WINTER,Action,Adventure,Comedy,Seinen,SILVER LINK.,,,,,,,,,,,,,
,ItaKiss,SPRING,Comedy,Romance,,Shoujo,TMS Entertainment,,,,,,,,,,,,,
,The Great Jahy Will Not Be Defeated!,SUMMER,Comedy,Fantasy,Slice of Life,Shounen,SILVER LINK.,,,,,,,,,,,,,
,Bottom-Tier Character Tomozaki,WINTER,Comedy,Drama,Romance,Seinen,project No.9,,,,,,,,,,,,,
,Dropkick on My Devil!,SUMMER,Comedy,Slice of Life,Supernatural,Seinen,Nomad,,,,,,,,,,,,,
,Toilet-bound Hanako-kun,WINTER,Action,Comedy,Drama,Shounen,Lerche,,,,,,,,,,,,,
,"Reborn as a Vending Machine, I Now Wander the Dungeon",SUMMER,Adventure,Comedy,Fantasy,Seinen,Studio Gokumi,,,,,,,,,,,,,
,Jigoku Sensei Nube,SPRING,Adventure,Comedy,Horror,Shounen,Toei Animation,,,,,,,,,,,,,
,Hell Girl,FALL,Drama,Horror,Mystery,Seinen,Studio DEEN,,,,,,,,,,,,,
,Hell’s Paradise,SPRING,Action,Adventure,Mystery,Shounen,MAPPA,,,,,,,,,,,,,
,My Clueless First Friend,SPRING,Comedy,Romance,Slice of Life,Shounen,Studio Signpost,,,,,,,,,,,,,
,Jingai-san no Yome,FALL,Comedy,Fantasy,Romance,Josei,Saetta,,,,,,,,,,,,,
,Humanity Has Declined,SUMMER,Comedy,Fantasy,Sci-Fi,Seinen,AIC A.S.T.A.,,,,,,,,,,,,,
,Am I Actually the Strongest?,SUMMER,Comedy,Fantasy,Romance,Shounen,Staple Entertainment,,,,,,,,,,,,,
,"Actually, I Am",SUMMER,Comedy,Fantasy,Romance,Shounen,TMS Entertainment,,,,,,,,,,,,,
,JoJo's Bizarre Adventure,FALL,Action,Adventure,Drama,Shounen,APPP,,,,,,,,,,,,,
,Jormungand,SPRING,Action,Adventure,Adventure,Seinen,WHITE FOX,,,,,,,,,,,,,
,Joshi Kausei,SPRING,Comedy,Slice of Life,School,Seinen,Seven,,,,,,,,,,,,,
,Wasteful Days of High School Girls,SUMMER,Comedy,Slice of Life,Slice of Life,Shounen,Passione,,,,,,,,,,,,,
,Joshiraku,SUMMER,Comedy,Slice of Life,,Shounen,J.C.STAFF,,,,,,,,,,,,,
,Castle Town Dandelion,SUMMER,Comedy,Slice of Life,Super Power,Seinen,Production IMS,,,,,,,,,,,,,
,JUJUTSU KAISEN,FALL,Action,Drama,Supernatural,Shounen,MAPPA,,,,,,,,,,,,,
,Kimba the White Lion,FALL,Adventure,Drama,,Shounen,Mushi Productions,,,,,,,,,,,,,
,Maria the Virgin Witch,WINTER,Comedy,Fantasy,Romance,Seinen,Production I.G,,,,,,,,,,,,,
,Jyu-Oh-Sei: Planet of the Beast King,SPRING,Action,Adventure,Drama,Shoujo,bones,,,,,,,,,,,,,
,The Twelve Kingdoms,SPRING,Action,Adventure,Fantasy,Shoujo,Studio Pierrot,,,,,,,,,,,,,
,JUNI TAISEN：ZODIAC WAR,FALL,Action,Thriller,,Seinen,Graphinica,,,,,,,,,,,,,
,Juushin Liger,SPRING,Action,Mecha,Sci-Fi,Shounen,Sunrise,,,,,,,,,,,,,
,K,FALL,Action,Mystery,Supernatural,Seinen,GoHands,,,,,,,,,,,,,
,K-ON!,SPRING,Comedy,Music,Slice of Life,Seinen,Kyoto Animation,,,,,,,,,,,,,
,Guardian Ninja Mamoru,WINTER,Comedy,Romance,Action,Shounen,Group TAC,,,,,,,,,,,,,
,The Eminence in Shadow,FALL,Action,Comedy,Fantasy,Seinen,Nexus,,,,,,,,,,,,,
,Kageki Shojo!!,SUMMER,Drama,Slice of Life,,Shoujo,PINE JAM,,,,,,,,,,,,,
,Kaguya-sama: Love is War,WINTER,Comedy,Psychological,Romance,Seinen,A-1 Pictures,,,,,,,,,,,,,
,Dr. Ramune -Mysterious Disease Specialist-,WINTER,Drama,Psychological,Supernatural,Shounen,Platinum Vision,,,,,,,,,,,,,
,Princess Resurrection,SPRING,Action,Comedy,Horror,Shounen,MADHOUSE,,,,,,,,,,,,,
,Maid-Sama!,SPRING,Comedy,Drama,Romance,Shoujo,J.C.STAFF,,,,,,,,,,,,,
,Steam Detectives,FALL,Action,Mecha,Mystery,Shounen,Xebec,,,,,,,,,,,,,
,Chillin’ in My 30s after Getting Fired from the Demon King’s Army,WINTER,Fantasy,Romance,Slice of Life,Seinen,Encourage Films,,,,,,,,,,,,,
,Mysterious Joker,FALL,Mystery,Comedy,,Shounen,Shin-Ei Animation,,,,,,,,,,,,,
,Mysterious Thief Saint Tail,FALL,Adventure,Fantasy,Magical Girl,Shoujo,Tokyo Movie Shinsha,,,,,,,,,,,,,
,Kakegurui,SUMMER,Drama,Mystery,Psychological,Shounen,MAPPA,,,,,,,,,,,,,
,A Couple of Cuckoos,SPRING,Comedy,Romance,,Shounen,Shin-Ei Animation,,,,,,,,,,,,,
,Valvrave the Liberator,SPRING,Action,Mecha,Sci-Fi,Seinen,Sunrise,,,,,,,,,,,,,
,Kakushigoto,SPRING,Comedy,Slice of Life,,Shounen,Ajiado,,,,,,,,,,,,,
,The World God Only Knows,FALL,Comedy,Romance,Supernatural,Shounen,Manglobe,,,,,,,,,,,,,
,By the Grace of the Gods,FALL,Adventure,Fantasy,Slice of Life,Shounen,Maho Film,,,,,,,,,,,,,
,Kamichama Karin,SPRING,Comedy,Fantasy,Magical Girl,Shoujo,Satelight,,,,,,,,,,,,,
,Kamichu!,SUMMER,Comedy,Slice of Life,Supernatural,Seinen,Brain's Base,,,,,,,,,,,,,
,Kamigami no Asobi,SPRING,Fantasy,Romance,Supernatural,Josei,Brain's Base,,,,,,,,,,,,,
,Kamikaze Kaitou Jeanne,WINTER,Action,Adventure,Comedy,Shoujo,Toei Animation,,,,,,,,,,,,,
,KamiKatsu: Working for God in a Godless World,SPRING,Action,Comedy,Drama,Seinen,Studio Palette,,,,,,,,,,,,,
,Kamisama Dolls,SUMMER,Action,Supernatural,,Seinen,Brain's Base,,,,,,,,,,,,,
,Kamisama Kiss,FALL,Comedy,Fantasy,Romance,Shoujo,TMS Entertainment,,,,,,,,,,,,,
,God Family,SPRING,Comedy,Drama,Fantasy,Seinen,Toei Animation,,,,,,,,,,,,,
,Sunday Without God,SUMMER,Adventure,Drama,Fantasy,Seinen,MADHOUSE,,,,,,,,,,,,,
,Heaven's Memo Pad,SUMMER,Mystery,Drama,,Seinen,J.C.STAFF,,,,,,,,,,,,,
,ASTRA LOST IN SPACE,SUMMER,Adventure,Mystery,Sci-Fi,Shounen,Lerche,,,,,,,,,,,,,
,Kannagi: Crazy Shrine Maidens,FALL,Comedy,Supernatural,Supernatural,Shounen,A-1 Pictures,,,,,,,,,,,,,
,If Her Flag Breaks,SPRING,Comedy,Romance,Harem,Seinen,Hoods Entertainment,,,,,,,,,,,,,
,Rent-a-Girlfriend,SUMMER,Comedy,Drama,Romance,Shounen,TMS Entertainment,,,,,,,,,,,,,
,Kanon,WINTER,Drama,Romance,Slice of Life,Seinen,Toei Animation,,,,,,,,,,,,,
,Kantoku Fuyuki Todoki,SPRING,Comedy,Slice of Life,,Josei,DLE,,,,,,,,,,,,,
,Teasing Master Takagi-san,WINTER,Comedy,Romance,Slice of Life,Shounen,Shin-Ei Animation,,,,,,,,,,,,,
,Karakuri Circus,FALL,Adventure,Mystery,,Shounen,Studio VOLN,,,,,,,,,,,,,
,His and Her Circumstances,FALL,Comedy,Drama,Romance,Shoujo,Gainax,,,,,,,,,,,,,
,Karin: Chibi Vampire,FALL,Comedy,Romance,Supernatural,Shounen,J.C.STAFF,,,,,,,,,,,,,
,Girl Meets Girl,WINTER,Comedy,Drama,Romance,Seinen,Studio Hibari,,,,,,,,,,,,,
,Katanagatari,WINTER,Action,Adventure,Romance,Seinen,WHITE FOX,,,,,,,,,,,,,
,REBORN!,FALL,Action,Comedy,,Shounen,Artland,,,,,,,,,,,,,
,To the Abandoned Sacred Beasts,SUMMER,Action,Drama,Fantasy,Shounen,MAPPA,,,,,,,,,,,,,
,Shikimori's Not Just a Cutie,SPRING,Comedy,Romance,Slice of Life,Shounen,Doga Kobo,,,,,,,,,,,,,
,Run with the Wind,FALL,Drama,Sports,,Seinen,Production I.G,,,,,,,,,,,,,
,Kaze no Stigma,SPRING,Action,Drama,Fantasy,Seinen,GONZO,,,,,,,,,,,,,
,Blood Blockade Battlefront,SPRING,Action,Comedy,Supernatural,Shounen,bones,,,,,,,,,,,,,
,Kekkaishi,FALL,Action,Adventure,Comedy,Shounen,Sunrise,,,,,,,,,,,,,
,Kemono Jihen,WINTER,Action,Drama,Mystery,Shounen,Ajiado,,,,,,,,,,,,,
,She Professed Herself Pupil of the Wise Man,WINTER,Adventure,Fantasy,,Shounen,studio A-CAT,,,,,,,,,,,,,
,Wise Man’s Grandchild,SPRING,Action,Comedy,Fantasy,Shounen,SILVER LINK.,,,,,,,,,,,,,
,Clean Freak! Aoyama kun,SUMMER,Comedy,Sports,Sports,Seinen,Studio Hibari,,,,,,,,,,,,,
,Sgt. Frog,SPRING,Comedy,Sci-Fi,,Shounen,Sunrise,,,,,,,,,,,,,
,Mobile Fighter G Gundam,SPRING,Action,Adventure,Drama,Shounen,Sunrise,,,,,,,,,,,,,
,Mobile Suit Gundam,SPRING,Drama,Mecha,Sci-Fi,Shounen,Sunrise,,,,,,,,,,,,,
,Mobile Suit Gundam 00,FALL,Action,Drama,Mecha,Seinen,Sunrise,,,,,,,,,,,,,
,Mobile Suit GUNDAM Iron Blooded Orphans,FALL,Action,Drama,Mecha,Seinen,Sunrise,,,,,,,,,,,,,
,Kill Me Baby,WINTER,Comedy,Slice of Life,School,Seinen,J.C.STAFF,,,,,,,,,,,,,
,Demon Slayer: Kimetsu no Yaiba,SPRING,Action,Adventure,Drama,Shounen,ufotable,,,,,,,,,,,,,
,Kimi ni Todoke: From Me to You,FALL,Comedy,Drama,Romance,Shoujo,Production I.G,,,,,,,,,,,,,
,A Town Where You Live,SUMMER,Drama,Romance,Slice of Life,Shounen,GONZO,,,,,,,,,,,,,
,Our Last Crusade or the Rise of a New World Season 2,SUMMER,Action,Fantasy,Romance,Shounen,SILVER LINK.,,,,,,,,,,,,,
,Insomniacs After School,SPRING,Romance,Slice of Life,Slice of Life,Seinen,LIDENFILMS,,,,,,,,,,,,,
,The File of Young Kindaichi Returns,SPRING,Mystery,,,Shounen,Toei Animation,,,,,,,,,,,,,
,Kingdom,SUMMER,Action,Drama,,Seinen,Studio Pierrot,,,,,,,,,,,,,
,Kinnikuman,SPRING,Adventure,Comedy,Sports,Shounen,Toei Animation,,,,,,,,,,,,,
,Kino's Journey,SPRING,Adventure,Drama,Fantasy,Seinen,A.C.G.T.,,,,,,,,,,,,,
,Zenki,WINTER,Action,Comedy,Drama,Shounen,Studio DEEN,,,,,,,,,,,,,
,Boarding School Juliet,FALL,Comedy,Romance,School,Shounen,LIDENFILMS,,,,,,,,,,,,,
,Kiteretsu Encyclopedia,SPRING,Comedy,Drama,Slice of Life,Kodomo,Studio Gallop,,,,,,,,,,,,,
,Kiznaiver,SPRING,Drama,Romance,Sci-Fi,Seinen,TRIGGER,,,,,,,,,,,,,
,Knight's & Magic,SUMMER,Action,Fantasy,Mecha,Seinen,8-bit,,,,,,,,,,,,,
,Kobato,FALL,Comedy,Drama,Fantasy,Shoujo,MADHOUSE,,,,,,,,,,,,,
,Miss Kobayashi's Dragon Maid,WINTER,Comedy,Fantasy,Slice of Life,Seinen,Kyoto Animation,,,,,,,,,,,,,
,Kobo-chan,FALL,Comedy,Slice of Life,,Seinen,Eiken,,,,,,,,,,,,,
,Kochira Katsushikaku Kameari Kouenmae Hashutsujo,FALL,Comedy,Police,,Shounen,Studio Gallop,,,,,,,,,,,,,
,Koi Kaze,SPRING,Drama,Psychological,Romance,Seinen,A.C.G.T.,,,,,,,,,,,,,
,"Love, Election and Chocolate",SUMMER,Drama,Romance,School,Seinen,AIC Build,,,,,,,,,,,,,
,LOVE and LIES,SUMMER,Drama,Romance,,Shounen,LIDENFILMS,,,,,,,,,,,,,
,Koikimo,SPRING,Comedy,Romance,Slice of Life,Josei,Nomad,,,,,,,,,,,,,
,After the Rain,WINTER,Drama,Romance,Slice of Life,Seinen,WIT STUDIO,,,,,,,,,,,,,
,Love After World Domination,SPRING,Action,Comedy,Romance,Shounen,project No.9,,,,,,,,,,,,,
,Asteroid in Love,WINTER,Comedy,Slice of Life,Comedy,Seinen,Doga Kobo,,,,,,,,,,,,,
,KOKKOKU,WINTER,Action,Drama,Mystery,Seinen,Geno Studio,,,,,,,,,,,,,
,Kokoro Connect,SUMMER,Drama,Romance,Slice of Life,Seinen,SILVER LINK.,,,,,,,,,,,,,
,Komi Can’t Communicate,FALL,Comedy,Romance,Slice of Life,Shounen,OLM,,,,,,,,,,,,,
,Komori-san Can't Decline!,FALL,Comedy,Slice of Life,School,Seinen,Artland,,,,,,,,,,,,,
,"Don’t Hurt Me, My Healer!",SPRING,Adventure,Comedy,Fantasy,Seinen,Jumondou,,,,,,,,,,,,,
,This Ugly Yet Beautiful World,SPRING,Comedy,Drama,Romance,Seinen,Gainax,,,,,,,,,,,,,
,Kono Oto Tomare!: Sounds of Life,SPRING,Drama,Music,Romance,Shounen,Platinum Vision,,,,,,,,,,,,,
,The Ice Guy and His Cool Female Colleague,WINTER,Comedy,Romance,Slice of Life,Josei,Zero-G,,,,,,,,,,,,,
,Love of Kill,WINTER,Action,Psychological,Romance,Shoujo,Platinum Vision,,,,,,,,,,,,,
,The Troubled Life of Miss Kotoura,WINTER,Comedy,Drama,Romance,Seinen,AIC,,,,,,,,,,,,,
,Gourmet Girl Graffiti,WINTER,Slice of Life,Comedy,,Seinen,Shaft,,,,,,,,,,,,,
,Ghost in the Shell: Stand Alone Complex,FALL,Action,Mystery,Psychological,Seinen,Production I.G,,,,,,,,,,,,,
,Eureka Seven,SPRING,Action,Adventure,Drama,Shounen,bones,,,,,,,,,,,,,
,Kabaneri of the Iron Fortress,SPRING,Action,Drama,Fantasy,Seinen,WIT STUDIO,,,,,,,,,,,,,
,Kubo Won't Let Me Be Invisible,WINTER,Comedy,Romance,Slice of Life,Seinen,PINE JAM,,,,,,,,,,,,,
,Children of the Whales,FALL,Adventure,Drama,Fantasy,Shoujo,J.C.STAFF,,,,,,,,,,,,,
,Kuma Kuma Kuma Bear,WINTER,Comedy,Mecha,,Shounen,EMT Squared,,,,,,,,,,,,,
,Kumamiko -Girl Meets Bear,SPRING,Comedy,Slice of Life,,Seinen,Kinema Citrus,,,,,,,,,,,,,
,The Yakuza's Guide to Babysitting,SUMMER,Comedy,Slice of Life,,Seinen,feel.,,,,,,,,,,,,,
,"So I'm a Spider, So What?",WINTER,Action,Adventure,Comedy,Seinen,Millepensee,,,,,,,,,,,,,
,In the Heart of Kunoichi Tsubaki,SPRING,Comedy,Supernatural,,Shounen,CloverWorks,,,,,,,,,,,,,
,Princess Jellyfish,FALL,Comedy,Romance,Slice of Life,Josei,Brain's Base,,,,,,,,,,,,,
,Kurenai,SPRING,Action,Comedy,Drama,Seinen,Brain's Base,,,,,,,,,,,,,
,Black Summoner,SUMMER,Action,Adventure,Fantasy,Seinen,Satelight,,,,,,,,,,,,,
,Kuroko's Basketball,SPRING,Comedy,Sports,,Shounen,Production I.G,,,,,,,,,,,,,
,Black Butler: Book of the Atlantic,WINTER,Action,Comedy,Fantasy,Shounen,A-1 Pictures,,,,,,,,,,,,,
,Kurozuka,FALL,Action,Drama,Horror,Seinen,MADHOUSE,,,,,,,,,,,,,
,Drifting Dragons,WINTER,Action,Adventure,Fantasy,Seinen,POLYGON PICTURES,,,,,,,,,,,,,
,In/Spectre,WINTER,Comedy,Mystery,Romance,Seinen,Brain's Base,,,,,,,,,,,,,
,Holmes of Kyoto,SUMMER,Mystery,Slice of Life,,Seinen,Seven,,,,,,,,,,,,,
,Beyond the Boundary,FALL,Action,Drama,Fantasy,Seinen,Kyoto Animation,,,,,,,,,,,,,
,Rin-ne,SPRING,Comedy,Romance,Supernatural,Shounen,Brain's Base,,,,,,,,,,,,,
,Horizon in the Middle of Nowhere,FALL,Action,Comedy,Drama,Seinen,Sunrise,,,,,,,,,,,,,
,Kyouran Kazoku Nikki,SPRING,Comedy,Sci-Fi,,Seinen,Nomad,,,,,,,,,,,,,
,Shattered Angels Specials,SUMMER,Drama,Romance,Fantasy,Shounen,TNK,,,,,,,,,,,,,
,"LASTEXILE -Fam, the Silver Wing",FALL,Action,Adventure,Fantasy,Seinen,GONZO,,,,,,,,,,,,,
,Le Chevalier D'Eon,SUMMER,Mystery,Supernatural,Supernatural,Seinen,Production I.G,,,,,,,,,,,,,
,In the Land of Leadale,WINTER,Adventure,Fantasy,Slice of Life,Seinen,Maho Film,,,,,,,,,,,,,
,My Unique Skill Makes Me OP even at Level 1,SUMMER,Adventure,Fantasy,,Seinen,Maho Film,,,,,,,,,,,,,
,Level E,WINTER,Comedy,Sci-Fi,,Shounen,Studio Pierrot,,,,,,,,,,,,,
,Little Busters!,FALL,Comedy,Drama,Slice of Life,Seinen,J.C.STAFF,,,,,,,,,,,,,
,Record of Lodoss War: Chronicles of the Heroic Knight,SPRING,Action,Adventure,Drama,Seinen,AIC,,,,,,,,,,,,,
,Log Horizon,FALL,Action,Adventure,Fantasy,Seinen,Satelight,,,,,,,,,,,,,
,Lost Universe,SPRING,Adventure,Comedy,Drama,Seinen,E&G Films,,,,,,,,,,,,,
,Love Lab,SUMMER,Comedy,Romance,School,Seinen,Doga Kobo,,,,,,,,,,,,,
,Loveless,SPRING,Action,Drama,Fantasy,Josei,J.C.STAFF,,,,,,,,,,,,,
,Lupin the Third: The Woman Called Fujiko Mine,SPRING,Action,Adventure,Comedy,Seinen,TMS Entertainment,,,,,,,,,,,,,
,Level 1 Demon Lord and One Room Hero,SUMMER,Action,Adventure,Comedy,Seinen,SILVER LINK.,,,,,,,,,,,,,
,Lycoris Recoil,SUMMER,Action,Slice of Life,,Seinen,A-1 Pictures,,,,,,,,,,,,,
,Speed Racer,SPRING,Action,Adventure,Sports,Shounen,Tatsunoko Production,,,,,,,,,,,,,
,The Demon Girl Next Door,SUMMER,Comedy,Fantasy,Magical Girl,Seinen,J.C.STAFF,,,,,,,,,,,,,
,Made in Abyss,SUMMER,Adventure,Drama,Fantasy,Seinen,Kinema Citrus,,,,,,,,,,,,,
,Magic Knight Rayearth,FALL,Action,Adventure,Comedy,Shoujo,Tokyo Movie Shinsha,,,,,,,,,,,,,
,Magikano,WINTER,Comedy,Fantasy,Romance,Shounen,Studio AIC,,,,,,,,,,,,,
,Magical Angel Creamy Mami,SUMMER,Comedy,Fantasy,Magical Girl,Shoujo,Studio Pierrot,,,,,,,,,,,,,
,Magical Warfare,WINTER,Action,Fantasy,Magic,Seinen,MADHOUSE,,,,,,,,,,,,,
,Magical Girl Raising Project,FALL,Action,Fantasy,Horror,Seinen,Lerche,,,,,,,,,,,,,
,Magical Girl Ore,SPRING,Action,Comedy,Magical Girl,Seinen,Studio Signpost,,,,,,,,,,,,,
,MAGICAL GIRL SITE,SPRING,Action,Drama,Horror,Seinen,production doA,,,,,,,,,,,,,
,Magical Circle Guru Guru,FALL,Adventure,Comedy,Fantasy,Shounen,Nippon Animation,,,,,,,,,,,,,
,The Irregular at Magic High School,SPRING,Action,Romance,Sci-Fi,Seinen,MADHOUSE,,,,,,,,,,,,,
,Someday's Dreamers,WINTER,Drama,Slice of Life,Supernatural,Seinen,J.C.STAFF,,,,,,,,,,,,,
,The Ancient Magus' Bride,FALL,Drama,Fantasy,Romance,Shounen,WIT STUDIO,,,,,,,,,,,,,
,Witchy Precure!,WINTER,Action,Fantasy,Magical Girl,Shoujo,Toei Animation,,,,,,,,,,,,,
,The Dawn of the Witch,SPRING,Action,Adventure,Comedy,Seinen,Tezuka Productions,,,,,,,,,,,,,
,My-HiME,FALL,Action,Comedy,Drama,Seinen,Sunrise,,,,,,,,,,,,,
,Kiyo in Kyoto: From the Maiko House,WINTER,Slice of Life,Drama,,Shounen,J.C.STAFF,,,,,,,,,,,,,
,Welcome to Demon School! Iruma-kun,FALL,Comedy,Fantasy,School,Shounen,Bandai Namco Pictures,,,,,,,,,,,,,
,Maison Ikkoku,SPRING,Comedy,Drama,Romance,Seinen,Studio DEEN,,,,,,,,,,,,,
,Majikoi: Oh! Samurai Girls,FALL,Action,Comedy,Drama,Seinen,Lerche,,,,,,,,,,,,,
,Neuro: Supernatural Detective,FALL,Comedy,Mystery,Supernatural,Shounen,MADHOUSE,,,,,,,,,,,,,
,Wandering Witch: The Journey of Elaina,FALL,Adventure,Fantasy,Slice of Life,Seinen,C2C,,,,,,,,,,,,,
,Makai Ouji: Devils and Realist,SUMMER,Comedy,Fantasy,Mystery,Josei,Doga Kobo,,,,,,,,,,,,,
,Mama wa Shougaku 4 Nensei,WINTER,Comedy,Drama,Sci-Fi,Shoujo,Sunrise,,,,,,,,,,,,,
,My Stepmom's Daughter is My Ex,SUMMER,Comedy,Romance,School,Seinen,project No.9,,,,,,,,,,,,,
,Mamotte Shugogetten!,FALL,Comedy,Magical Girl,Romance,Shounen,Toei Animation,,,,,,,,,,,,,
,Save Me! Lollipop,SUMMER,Adventure,Comedy,Romance,Shoujo,Sunshine Corporation,,,,,,,,,,,,,
,Demon Lord Dante,SUMMER,Action,Horror,Supernatural,Shounen,Magic Bus,,,,,,,,,,,,,
,The Misfit of Demon King Academy: History’s Strongest Demon King Reincarnates and Goes to School with His Descendants,SUMMER,Action,Comedy,Fantasy,Shounen,SILVER LINK.,,,,,,,,,,,,,
,"Demon Lord, Retry!",SUMMER,Action,Adventure,Comedy,Shounen,EKACHI EPILKA,,,,,,,,,,,,,
,Maoyu: Archenemy & Hero,WINTER,Adventure,Fantasy,Romance,Seinen,Arms,,,,,,,,,,,,,
,Maria Watches Over Us,WINTER,Drama,Romance,Slice of Life,Shoujo,Studio DEEN,,,,,,,,,,,,,
,Marmalade Boy,SPRING,Comedy,Drama,Romance,Shoujo,Toei Animation,,,,,,,,,,,,,
,MARS RED,SPRING,Action,Drama,Sci-Fi,Seinen,Signal.MD,,,,,,,,,,,,,
,Masamune-kun's Revenge,WINTER,Comedy,Romance,Slice of Life,Shounen,SILVER LINK.,,,,,,,,,,,,,
,Those Snow White Notes,SPRING,Drama,Music,Slice of Life,Shounen,Shin-Ei Animation,,,,,,,,,,,,,
,MASHLE: MAGIC AND MUSCLES,SPRING,Action,Comedy,Fantasy,Shounen,A-1 Pictures,,,,,,,,,,,,,
,Master Keaton,FALL,Adventure,Drama,Mystery,Seinen,MADHOUSE,,,,,,,,,,,,,
,Mythical Detective Loki Ragnarok,SPRING,Comedy,Mystery,Supernatural,Shounen,Studio DEEN,,,,,,,,,,,,,
,Penguindrum,SUMMER,Drama,Mystery,Psychological,Seinen,Brain's Base,,,,,,,,,,,,,
,Mayoi Neko Overrun!,SPRING,Comedy,Romance,Harem,Seinen,AIC,,,,,,,,,,,,,
,Midnight Occult Civil Servants,SPRING,Fantasy,Supernatural,Fantasy,Shoujo,LIDENFILMS,,,,,,,,,,,,,
,Mazinger Z,FALL,Action,Drama,Mecha,Shounen,Toei Animation,,,,,,,,,,,,,
,Medaka Box,SPRING,Action,Comedy,,Shounen,Gainax,,,,,,,,,,,,,
,Medabots,SUMMER,Action,Adventure,Comedy,Shounen,Bee Train,,,,,,,,,,,,,
,Pilot Candidate,WINTER,Action,Mecha,Sci-Fi,Seinen,Xebec,,,,,,,,,,,,,
,The Dungeon of Black Company,SUMMER,Comedy,Fantasy,,Shounen,SILVER LINK.,,,,,,,,,,,,,
,Microid S,SPRING,Sci-Fi,Sci-Fi,,Shounen,Toei Animation,,,,,,,,,,,,,
,Midori no Makibao,SPRING,Comedy,Sports,,Shounen,Studio Pierrot,,,,,,,,,,,,,
,Mieruko-chan,FALL,Comedy,Horror,Slice of Life,Seinen,Passione,,,,,,,,,,,,,
,How to Keep a Mummy,WINTER,Comedy,Slice of Life,Supernatural,Seinen,8-bit,,,,,,,,,,,,,
,Engaged to the Unidentified,WINTER,Comedy,Romance,Slice of Life,Seinen,Doga Kobo,,,,,,,,,,,,,
,Minami-ke,FALL,Comedy,Slice of Life,School,Shounen,Daume,,,,,,,,,,,,,
,Mitsuboshi Colors,WINTER,Comedy,Slice of Life,,Shounen,SILVER LINK.,,,,,,,,,,,,,
,Mitsudomoe,SUMMER,Comedy,Slice of Life,Slice of Life,Shounen,Bridge,,,,,,,,,,,,,
,Mitsume ga Tooru,FALL,Adventure,Supernatural,,Shounen,Tezuka Productions,,,,,,,,,,,,,
,Miyuki,SPRING,Romance,Slice of Life,,Shounen,Kitty Film Mitaka Studio,,,,,,,,,,,,,
,Mizuiro Jidai,SPRING,Romance,Slice of Life,,Shoujo,Studio Comet,,,,,,,,,,,,,
,Mob Psycho 100,SUMMER,Action,Comedy,Drama,Shounen,bones,,,,,,,,,,,,,
,Mokke,FALL,Mystery,Slice of Life,Supernatural,Seinen,MADHOUSE,,,,,,,,,,,,,
,"Problem Children Are Coming From Another World, Aren't They?",WINTER,Action,Comedy,Fantasy,Seinen,diomedéa,,,,,,,,,,,,,
,Malevolent Spirits: Mononogatari,WINTER,Action,Supernatural,,Seinen,Bandai Namco Pictures,,,,,,,,,,,,,
,Mononoke,SUMMER,Fantasy,Horror,Mystery,Seinen,Toei Animation,,,,,,,,,,,,,
,Monster,WINTER,Action,Adventure,Comedy,Seinen,Geno Studio,,,,,,,,,,,,,
,Ippon! again,WINTER,Slice of Life,Sports,,Shounen,BAKKEN RECORD,,,,,,,,,,,,,
,Mouryou no Hako,FALL,Mystery,Supernatural,Thriller,Seinen,MADHOUSE,,,,,,,,,,,,,
,Moyashimon,FALL,Comedy,Supernatural,,Seinen,Telecom Animation Film,,,,,,,,,,,,,
,Blade of the Immortal,SUMMER,Action,Adventure,Supernatural,Seinen,Bee Train,,,,,,,,,,,,,
,Infinite Ryvius,FALL,Drama,Mecha,Psychological,Seinen,Sunrise,,,,,,,,,,,,,
,Muhyo & Roji's Bureau of Supernatural Investigation,SUMMER,Action,Comedy,Mystery,Shounen,Studio DEEN,,,,,,,,,,,,,
,Talentless Nana,FALL,Drama,Horror,Mystery,Shounen,Bridge,,,,,,,,,,,,,
,Bibliophile Princess,FALL,Drama,Romance,,Josei,MADHOUSE,,,,,,,,,,,,,
,MUSHI-SHI,FALL,Adventure,Fantasy,Mystery,Seinen,Artland,,,,,,,,,,,,,
,Ramen Fighter Miki,SUMMER,Action,Comedy,,Shounen,Telecom Animation Film,,,,,,,,,,,,,
,My Home Hero,SPRING,Action,Drama,Psychological,Seinen,Tezuka Productions,,,,,,,,,,,,,
,Nabari no Ou,SPRING,Action,Drama,Psychological,Shounen,J.C.STAFF,,,,,,,,,,,,,
,A Lull in the Sea,FALL,Drama,Fantasy,Romance,Seinen,P.A.WORKS,,,,,,,,,,,,,
,The Ones Within,SUMMER,Adventure,Comedy,Drama,Shoujo,SILVER LINK.,,,,,,,,,,,,,
,"Wave, Listen to Me!",SPRING,Comedy,Drama,Romance,Seinen,Sunrise,,,,,,,,,,,,,
,NANA,SPRING,Drama,Music,Romance,Shoujo,MADHOUSE,,,,,,,,,,,,,
,Fastest Finger First,SUMMER,Comedy,Slice of Life,Sports,Seinen,TMS Entertainment,,,,,,,,,,,,,
,Reign of the Seven Spellblades,SUMMER,Action,Fantasy,School,Seinen,J.C.STAFF,,,,,,,,,,,,,
,Nanatsu no Taizai,SUMMER,Comedy,Adventure,Fantasy,Shounen,A-1 Pictures,,,,,,,,,,,,,
,NANBAKA,FALL,Action,Comedy,Drama,Seinen,Satelight,,,,,,,,,,,,,
,The World of Narue,SPRING,Comedy,Romance,Sci-Fi,Shounen,Studio Live,,,,,,,,,,,,,
,Shadow Star Narutaru,SUMMER,Drama,Horror,Supernatural,Seinen,Planet,,,,,,,,,,,,,
,Naruto,FALL,Action,Adventure,Comedy,Shounen,Studio Pierrot,,,,,,,,,,,,,
,Natsu no Arashi!,SPRING,Comedy,Fantasy,Romance,Seinen,Shaft,,,,,,,,,,,,,
,Natsume Yuujinchou,SPRING,Fantasy,Slice of Life,Supernatural,Seinen,Shuka,,,,,,,,,,,,,
,Natsuyuki Rendezvous,SUMMER,Drama,Romance,Supernatural,Josei,Doga Kobo,,,,,,,,,,,,,
,Alderamin on the Sky,SUMMER,Action,Adventure,Drama,Seinen,MADHOUSE,,,,,,,,,,,,,
,Neon Genesis Evangelion,FALL,Action,Drama,Mecha,Seinen,Gainax,,,,,,,,,,,,,
,Recovery of an MMO Junkie,FALL,Comedy,Fantasy,Romance,Josei,Signal.MD,,,,,,,,,,,,,
,NEW GAME!,SUMMER,Comedy,Slice of Life,,Seinen,Doga Kobo,,,,,,,,,,,,,
,Welcome to the N-H-K,SUMMER,Comedy,Drama,Psychological,Seinen,GONZO,,,,,,,,,,,,,
,Nichijou - My Ordinary Life,SPRING,Comedy,Slice of Life,School,Shounen,Kyoto Animation,,,,,,,,,,,,,
,NieA_7,SPRING,Comedy,Sci-Fi,Slice of Life,Seinen,Triangle Staff,,,,,,,,,,,,,
,Sacrificial Princess and the King of Beasts,SPRING,Drama,Fantasy,Romance,Shoujo,J.C.STAFF,,,,,,,,,,,,,
,Night Head Genesis,SUMMER,Drama,Horror,Mystery,Seinen,Bee Media & Actas,,,,,,,,,,,,,
,Rainbow Days,WINTER,Comedy,Romance,Slice of Life,Shoujo,Ashi Productions,,,,,,,,,,,,,
,Ningen Fushin: Adventurers Who Don’t Believe in Humanity Will Save the World,WINTER,Action,Adventure,Fantasy,Seinen,GEEKTOYS,,,,,,,,,,,,,
,Ninja Nonsense,SUMMER,Comedy,Parody,,Shounen,ufotable,,,,,,,,,,,,,
,Ninja Hattori-kun,FALL,Comedy,Adventure,,Kodomo,Shin-Ei Animation,,,,,,,,,,,,,
,Nisekoi,WINTER,Comedy,Romance,Slice of Life,Shounen,Shaft,,,,,,,,,,,,,
,No Guns Life,FALL,Action,Drama,Sci-Fi,Seinen,MADHOUSE,,,,,,,,,,,,,
,No.6,SUMMER,Action,Drama,Psychological,Shoujo,bones,,,,,,,,,,,,,
,Noblesse,FALL,Action,Supernatural,,Shounen,Production I.G,,,,,,,,,,,,,
,Nobunaga Concerto,SUMMER,Comedy,Romance,Time Travel,Shounen,Fuji TV,,,,,,,,,,,,,
,Nobunagun,WINTER,Action,Comedy,Sci-Fi,Shounen,Bridge,,,,,,,,,,,,,
,Nodame Cantabile,WINTER,Comedy,Drama,Music,Josei,J.C.STAFF,,,,,,,,,,,,,
,The tale of outcasts,WINTER,Drama,Fantasy,Romance,Shounen,Ashi Productions,,,,,,,,,,,,,
,Non Non Biyori,FALL,Slice of Life,Comedy,School,Seinen,SILVER LINK.,,,,,,,,,,,,,
,Noragami,WINTER,Action,Adventure,Comedy,Shounen,bones,,,,,,,,,,,,,
,Noramimi,WINTER,Comedy,Slice of Life,,Seinen,TMS Entertainment,,,,,,,,,,,,,
,Norn9,WINTER,Drama,Romance,Sci-Fi,Josei,Kinema Citrus,,,,,,,,,,,,,
,I've Somehow Gotten Stronger When I Improved My Farm-Related Skills,FALL,Adventure,Comedy,Fantasy,Seinen,studio A-CAT,,,,,,,,,,,,,
,Nura: Rise of the Yokai Clan,SUMMER,Action,Supernatural,,Shounen,Studio DEEN,,,,,,,,,,,,,
,Nurse Angel Ririka SOS,SUMMER,Drama,Fantasy,Magical Girl,Shoujo,Studio Gallop,,,,,,,,,,,,,
,Nyan Koi!,FALL,Comedy,Romance,Slice of Life,Seinen,AIC,,,,,,,,,,,,,
,Nyanko Days,WINTER,Comedy,Slice of Life,,Seinen,EMT Squared,,,,,,,,,,,,,
,Occultic;Nine,FALL,Mystery,Sci-Fi,Supernatural,Seinen,A-1 Pictures,,,,,,,,,,,,,
,The Ambition of Oda Nobuna,SUMMER,Action,Comedy,Drama,Seinen,MADHOUSE,,,,,,,,,,,,,
,Oishinbo,FALL,Drama,Slice of Life,Food,Seinen,Shin-Ei Animation,,,,,,,,,,,,,
,Magical DoReMi,WINTER,Comedy,Drama,Fantasy,Shoujo,Toei Animation,,,,,,,,,,,,,
,Ojisan to Marshmallow: Hige-san and Marshmallow,SPRING,Comedy,Slice of Life,,Seinen,Creators in Pack,,,,,,,,,,,,,
,One Outs,FALL,Psychological,Sports,,Seinen,MADHOUSE,,,,,,,,,,,,,
,ONE PIECE,FALL,Action,Adventure,Comedy,Shounen,Toei Animation,,,,,,,,,,,,,
,Oneechan ga Kita,WINTER,Comedy,Slice of Life,,Seinen,C2C,,,,,,,,,,,,,
,Dear Brother,SUMMER,Drama,Psychological,,Shoujo,Tezuka Productions,,,,,,,,,,,,,
,Onmyou Taisenki,FALL,Action,Adventure,Fantasy,Shounen,Sunrise,,,,,,,,,,,,,
,Wolf Girl and Black Prince,FALL,Comedy,Romance,Slice of Life,Shoujo,TYO Animations,,,,,,,,,,,,,
,Spice and Wolf,WINTER,Adventure,Fantasy,Romance,Seinen,Imagin,,,,,,,,,,,,,
,Okami-san and Her Seven Companions,SUMMER,Comedy,Romance,Parody,Seinen,J.C.STAFF,,,,,,,,,,,,,
,Big Windup!,SPRING,Comedy,Sports,,Seinen,A-1 Pictures,,,,,,,,,,,,,
,Orange,SUMMER,Drama,Romance,Supernatural,Shoujo,Telecom Animation Film,,,,,,,,,,,,,
,My Love Story!!,SPRING,Comedy,Romance,,Shoujo,MADHOUSE,,,,,,,,,,,,,
,Oreimo,FALL,Comedy,Slice of Life,Slice of Life,Seinen,AIC Build,,,,,,,,,,,,,
,Oreshura,WINTER,Comedy,Romance,Harem,Seinen,A-1 Pictures,,,,,,,,,,,,,
,Ore wa Teppei,FALL,Action,Sports,,Shounen,Nippon Animation,,,,,,,,,,,,,
,Orenchi no Furo Jijo,FALL,Comedy,Fantasy,Slice of Life,Shoujo,Asahi Production,,,,,,,,,,,,,
,ORIENT,WINTER,Action,Adventure,Comedy,Shounen,A.C.G.T.,,,,,,,,,,,,,
,Love is Like a Cocktail,FALL,Comedy,Romance,Slice of Life,Seinen,Creators in Pack,,,,,,,,,,,,,
,Osamake: Romcom Where The Childhood Friend Won't Lose,SPRING,Comedy,Romance,School,Seinen,Doga Kobo,,,,,,,,,,,,,
,"If My Favorite Pop Idol Made It to the Budokan, I Would Die",WINTER,Comedy,Music,Slice of Life,Seinen,8-bit,,,,,,,,,,,,,
,Please tell me! Galko-chan,WINTER,Comedy,Slice of Life,School,Seinen,feel.,,,,,,,,,,,,,
,Osomatsu-kun,WINTER,Comedy,Parody,,Shounen,Studio Zero,,,,,,,,,,,,,
,Otogi Zoshi: The Legend of Magatama,SUMMER,Adventure,Drama,Fantasy,Seinen,Production I.G,,,,,,,,,,,,,
,Otoko Ippiki Gaki Daishou,FALL,Action,Drama,,Shounen,Nippon TV,,,,,,,,,,,,,
,My Next Life as a Villainess: All Routes Lead to Doom! X - I Met My Destined One...,FALL,Comedy,Fantasy,Romance,Seinen,SILVER LINK.,,,,,,,,,,,,,
,Trapped in a Dating Sim: The World of Otome Games Is Tough for Mobs,SPRING,Action,Fantasy,Mecha,Seinen,ENGI,,,,,,,,,,,,,
,Otoboku: Maidens are Falling for Me,FALL,Comedy,Drama,Romance,Seinen,feel.,,,,,,,,,,,,,
,Zakuro,FALL,Romance,Supernatural,Historical,Seinen,J.C.STAFF,,,,,,,,,,,,,
,A Galaxy Next Door,SPRING,Comedy,Romance,,Seinen,Asahi Production,,,,,,,,,,,,,
,The Angel Next Door Spoils Me Rotten,WINTER,Romance,Slice of Life,School,Seinen,project No.9,,,,,,,,,,,,,
,Jing: King of Bandits,SPRING,Adventure,Comedy,Fantasy,Shounen,Studio DEEN,,,,,,,,,,,,,
,Ouran High School Host Club,SPRING,Comedy,Drama,Romance,Shoujo,bones,,,,,,,,,,,,,
,Ranking of Kings,FALL,Action,Adventure,Drama,Seinen,WIT STUDIO,,,,,,,,,,,,,
,The Royal Tutor,SPRING,Comedy,Slice of Life,,Shounen,Bridge,,,,,,,,,,,,,
,Over Drive,SPRING,Sports,Drama,,Shounen,Xebec,,,,,,,,,,,,,
,Overlord,SUMMER,Action,Adventure,Fantasy,Seinen,MADHOUSE,,,,,,,,,,,,,
,Overman King Gainer,FALL,Action,Adventure,Mecha,Seinen,Sunrise,,,,,,,,,,,,,
,Seraph of the End: Vampire Reign,SPRING,Action,Drama,Fantasy,Shounen,WIT STUDIO,,,,,,,,,,,,,
,OZMAFIA!!,SUMMER,Comedy,Fantasy,,Seinen,Creators in Pack,,,,,,,,,,,,,
,Pan de Peace!,SPRING,Comedy,Slice of Life,School,Seinen,Asahi Production,,,,,,,,,,,,,
,PandoraHearts,SPRING,Adventure,Fantasy,Supernatural,Shounen,Xebec,,,,,,,,,,,,,
,"Listen to Me, Girls. I Am Your Father!",WINTER,Comedy,Drama,Romance,Seinen,feel.,,,,,,,,,,,,,
,Paradise Kiss,FALL,Comedy,Drama,Romance,Josei,MADHOUSE,,,,,,,,,,,,,
,Ya Boy Kongming!,SPRING,Comedy,Drama,Music,Seinen,P.A.WORKS,,,,,,,,,,,,,
,Patalliro!,SPRING,Adventure,Comedy,Romance,Shoujo,Toei Animation,,,,,,,,,,,,,
,Peacemaker,FALL,Action,Comedy,Samurai,Shounen,GONZO,,,,,,,,,,,,,
,Peach Boy Riverside,SUMMER,Adventure,Fantasy,,Shounen,Asahi Production,,,,,,,,,,,,,
,Peach Girl: Super Pop Love Hurricane,WINTER,Drama,Romance,Slice of Life,Shoujo,Studio Comet,,,,,,,,,,,,,
,pet,WINTER,Drama,Psychological,Supernatural,Seinen,Geno Studio,,,,,,,,,,,,,
,Petshop of Horrors,WINTER,Horror,Mystery,Psychological,Josei,MADHOUSE,,,,,,,,,,,,,
,Phantom: Requiem for the Phantom,SPRING,Action,Drama,Thriller,Seinen,Bee Train,,,,,,,,,,,,,
,Phi Brain: Puzzle of God,FALL,Action,Mystery,,Shounen,Sunrise,,,,,,,,,,,,,
,Planet With,SUMMER,Action,Mecha,Sci-Fi,Seinen,J.C.STAFF,,,,,,,,,,,,,
,Planetes,FALL,Drama,Romance,Sci-Fi,Seinen,Sunrise,,,,,,,,,,,,,
,Platinum End,FALL,Drama,Mystery,Psychological,Shounen,Signal.MD,,,,,,,,,,,,,
,Plunderer,WINTER,Action,Adventure,Comedy,Shounen,GEEKTOYS,,,,,,,,,,,,,
,Pop Team Epic,WINTER,Comedy,Parody,,Seinen,Kamikaze Douga,,,,,,,,,,,,,
,Potemayo,SUMMER,Comedy,Slice of Life,,Seinen,J.C.STAFF,,,,,,,,,,,,,
,Poyopoyo,WINTER,Comedy,Slice of Life,,Seinen,Studio DEEN,,,,,,,,,,,,,
,Princess Princess,SPRING,Comedy,School,,Shoujo,Studio DEEN,,,,,,,,,,,,,
,Princess Tutu,SUMMER,Drama,Fantasy,Magical Girl,Shounen,Hal Film Maker,,,,,,,,,,,,,
,PSYCHO-PASS,FALL,Action,Psychological,Sci-Fi,Seinen,Production I.G,,,,,,,,,,,,,
,Pugyuru,SPRING,Comedy,Fantasy,,Seinen,Creators Dot Com,,,,,,,,,,,,,
,Pumpkin Scissors,FALL,Action,Comedy,Drama,Shounen,GONZO,,,,,,,,,,,,,
,Pupa,WINTER,Drama,Fantasy,Horror,Shounen,Studio DEEN,,,,,,,,,,,,,
,Pupipo!,WINTER,Slice of Life,Supernatural,,Seinen,AIC Plus+,,,,,,,,,,,,,
,Pygmalio,FALL,Adventure,Fantasy,,Shoujo,Nippon Animation,,,,,,,,,,,,,
,RahXephon,WINTER,Drama,Mecha,Music,Seinen,bones,,,,,,,,,,,,,
,Rainbow,SPRING,Drama,Psychological,Thriller,Seinen,MADHOUSE,,,,,,,,,,,,,
,Ms. Koizumi Loves Ramen Noodles,WINTER,Comedy,Slice of Life,,Seinen,Studio Gokumi,,,,,,,,,,,,,
,Red Data Girl,SPRING,Drama,Romance,Supernatural,Seinen,P.A.WORKS,,,,,,,,,,,,,
,Re-Kan!,SPRING,Comedy,Supernatural,School,Seinen,Studio Signpost,,,,,,,,,,,,,
,Re:CREATORS,SPRING,Action,Drama,Fantasy,Seinen,TROYCA,,,,,,,,,,,,,
,Re:ZERO -Starting Life in Another World-,SPRING,Action,Adventure,Drama,Seinen,WHITE FOX,,,,,,,,,,,,,
,Rebirth,WINTER,Comedy,Slice of Life,,Seinen,LIDENFILMS,,,,,,,,,,,,,
,Red Garden,FALL,Drama,Mystery,Psychological,Seinen,GONZO,,,,,,,,,,,,,
,Flame of Recca,SUMMER,Action,Adventure,,Shounen,Studio Pierrot,,,,,,,,,,,,,
,ReLIFE,SUMMER,Comedy,Drama,Romance,Seinen,TMS Entertainment,,,,,,,,,,,,,
,Rental Magica,FALL,Action,Fantasy,Mystery,Seinen,ZEXCS,,,,,,,,,,,,,
,Princess Knight,SPRING,Action,Fantasy,Mystery,Shoujo,Mushi Productions,,,,,,,,,,,,,
,RideBack,WINTER,Action,Drama,Mecha,Seinen,MADHOUSE,,,,,,,,,,,,,
,Chidori RSC,FALL,Comedy,Slice of Life,Sports,Seinen,Studio 3Hz,,,,,,,,,,,,,
,"Science Fell in Love, So I Tried to Prove It",WINTER,Comedy,Romance,,Shounen,Zero-G,,,,,,,,,,,,,
,Ground Defense Force Mao-chan,SUMMER,Comedy,Magical Girl,Sci-Fi,Shounen,Xebec,,,,,,,,,,,,,
,Ristorante Paradiso,SPRING,Drama,Romance,Slice of Life,Josei,David Production,,,,,,,,,,,,,
,Robotics;Notes,FALL,Drama,Mecha,Sci-Fi,Seinen,Production I.G,,,,,,,,,,,,,
,Rokka -Braves of the Six Flowers-,SUMMER,Action,Adventure,Fantasy,Seinen,Passione,,,,,,,,,,,,,
,Akashic Records of Bastard Magic Instructor,SPRING,Action,Comedy,Fantasy,Seinen,LIDENFILMS,,,,,,,,,,,,,
,Rokudo's Bad Girls,SPRING,Action,Comedy,Drama,Shounen,Satelight,,,,,,,,,,,,,
,Invaders of the Rokujoma!?,SUMMER,Comedy,Romance,Supernatural,Seinen,SILVER LINK.,,,,,,,,,,,,,
,Romeo x Juliet,SPRING,Drama,Fantasy,Romance,Shounen,GONZO,,,,,,,,,,,,,
,"Saving 80,000 Gold in Another World for My Retirement",WINTER,Comedy,Fantasy,Slice of Life,Seinen,Felix Film,,,,,,,,,,,,,
,Rozen Maiden,FALL,Action,Comedy,Drama,Seinen,Nomad,,,,,,,,,,,,,
,RPG Real Estate,SPRING,Comedy,Fantasy,Slice of Life,Seinen,Doga Kobo,,,,,,,,,,,,,
,Smile Down the Runway,WINTER,Drama,Slice of Life,,Shounen,Ezo’la,,,,,,,,,,,,,
,Rurouni Kenshin,WINTER,Action,Adventure,Comedy,Shounen,Studio Gallop,,,,,,,,,,,,,
,Nanana's Buried Treasure,SPRING,Comedy,Mystery,Supernatural,Seinen,A-1 Pictures,,,,,,,,,,,,,
,The Ryuo's Work is Never Done!,WINTER,Comedy,Slice of Life,,Seinen,project No.9,,,,,,,,,,,,,
,s-CRY-ed,SUMMER,Action,Adventure,Sci-Fi,Shounen,Sunrise,,,,,,,,,,,,,
,Sabagebu! - Survival Game Club!,SUMMER,Action,Comedy,Sports,Shoujo,Studio Signpost,,,,,,,,,,,,,
,Saber Marionette J,FALL,Action,Adventure,Comedy,Seinen,Studio Junio,,,,,,,,,,,,,
,Sabikui Bisco,WINTER,Action,Adventure,Fantasy,Seinen,OZ,,,,,,,,,,,,,
,Sabu & Ichi's Arrest Warrant,FALL,Action,Adventure,Drama,Seinen,Toei Animation,,,,,,,,,,,,,
,Saekano: How to Raise a Boring Girlfriend,WINTER,Comedy,Romance,Slice of Life,Seinen,A-1 Pictures,,,,,,,,,,,,,
,The Faraway Paladin,FALL,Action,Adventure,Fantasy,Seinen,Children's Playground Entertainment,,,,,,,,,,,,,
,The Maid I Hired Recently is Mysterious,SUMMER,Comedy,Romance,Slice of Life,Shounen,BLADE,,,,,,,,,,,,,
,Saint Seiya: Knights of the Zodiac,FALL,Action,Adventure,Fantasy,Shounen,Toei Animation,,,,,,,,,,,,,
,"She, The Ultimate Weapon",SUMMER,Drama,Romance,Sci-Fi,Seinen,GONZO,,,,,,,,,,,,,
,The Story of Saiunkoku,SPRING,Adventure,Comedy,Drama,Shoujo,MADHOUSE,,,,,,,,,,,,,
,Kids on the Slope,SPRING,Drama,Music,Romance,Josei,Tezuka Productions,,,,,,,,,,,,,
,Haven't You Heard? I'm Sakamoto,SPRING,Comedy,Slice of Life,,Seinen,Studio DEEN,,,,,,,,,,,,,
,Saki,SPRING,Slice of Life,Sports,,Seinen,GONZO,,,,,,,,,,,,,
,Cromartie High School,FALL,Comedy,Parody,School,Shounen,Production I.G,,,,,,,,,,,,,
,Sakigake!! Otokojuku,WINTER,Action,Comedy,,Shounen,Toei Animation,,,,,,,,,,,,,
,Sakura Quest,SPRING,Comedy,Slice of Life,Drama,Seinen,P.A.WORKS,,,,,,,,,,,,,
,Sakura Wars,SPRING,Action,Adventure,Drama,Seinen,MADHOUSE,,,,,,,,,,,,,
,Sakura Trick,WINTER,Comedy,Romance,Slice of Life,Seinen,Studio DEEN,,,,,,,,,,,,,
,Samurai 7,SUMMER,Action,Mecha,Sci-Fi,Seinen,GONZO,,,,,,,,,,,,,
,Samurai Champloo,SPRING,Action,Adventure,Comedy,Seinen,Manglobe,,,,,,,,,,,,,
,Samurai Deeper Kyo,SUMMER,Action,Adventure,Comedy,Shounen,Studio DEEN,,,,,,,,,,,,,
,The Night Beyond the Tricornered Window,FALL,Drama,Mystery,Supernatural,Seinen,Zero-G,,,,,,,,,,,,,
,"Three Leaves, Three Colors",SPRING,Comedy,Slice of Life,School,Seinen,Doga Kobo,,,,,,,,,,,,,
,House of Five Leaves,SPRING,Drama,Mystery,,Seinen,Manglobe,,,,,,,,,,,,,
,Sasaki and Miyano,WINTER,Comedy,Romance,Slice of Life,Shoujo,Studio DEEN,,,,,,,,,,,,,
,Amazing Sarutobi,FALL,Action,Adventure,Comedy,Shounen,Tsuchida Productions,,,,,,,,,,,,,
,Angels of Death,SUMMER,Action,Adventure,Horror,Seinen,J.C.STAFF,,,,,,,,,,,,,
,"Farewell, My Dear Cramer",SPRING,Drama,Sports,,Shounen,LIDENFILMS,,,,,,,,,,,,,
,"Sayonara, Zetsubou-Sensei",SUMMER,Comedy,Parody,,Shounen,Shaft,,,,,,,,,,,,,
,Sazae-san,FALL,Comedy,Slice of Life,,Josei,Eiken,,,,,,,,,,,,,
,School Days,WINTER,Drama,Romance,Psychological,Seinen,Animation Planet,,,,,,,,,,,,,
,School Rumble,FALL,Comedy,Romance,Slice of Life,Shounen,Studio Comet,,,,,,,,,,,,,
,Schwarzes Marken,WINTER,Action,Mecha,Psychological,Seinen,LIDENFILMS,,,,,,,,,,,,,
,Scrapped Princess,SPRING,Adventure,Comedy,Drama,Seinen,bones,,,,,,,,,,,,,
,The Great Cleric,SUMMER,Adventure,Comedy,Fantasy,Seinen,Yokohama Animation Lab,,,,,,,,,,,,,
,The Saint's Magic Power is Omnipotent,SPRING,Fantasy,Romance,Slice of Life,Shoujo,diomedéa,,,,,,,,,,,,,
,Crest of the Stars,WINTER,Action,Romance,Sci-Fi,Seinen,Sunrise,,,,,,,,,,,,,
,Banner of the Stars,SPRING,Action,Romance,Sci-Fi,Seinen,Sunrise,,,,,,,,,,,,,
,The Sacred Blacksmith,FALL,Action,Adventure,Fantasy,Seinen,Manglobe,,,,,,,,,,,,,
,Occult Academy,SUMMER,Comedy,Mystery,Sci-Fi,Seinen,A-1 Pictures,,,,,,,,,,,,,
,Seirei Gensouki: Spirit Chronicles,SUMMER,Action,Drama,Fantasy,Seinen,TMS Entertainment,,,,,,,,,,,,,
,Moribito: Guardian of the Spirit,SPRING,Action,Adventure,Fantasy,Seinen,Production I.G,,,,,,,,,,,,,
,Student Council's Discretion,FALL,Comedy,Harem,School,Seinen,Studio DEEN,,,,,,,,,,,,,
,Seitokai Yakuindomo,SUMMER,Comedy,Slice of Life,Slice of Life,Shounen,GoHands,,,,,,,,,,,,,
,The World's Finest Assassin Gets Reincarnated in Another World as an Aristocrat,FALL,Action,Adventure,Drama,Seinen,SILVER LINK.,,,,,,,,,,,,,
,Sengoku Basara: Samurai Kings,SPRING,Action,Drama,Fantasy,Seinen,Production I.G,,,,,,,,,,,,,
,Symphogear,WINTER,Action,Drama,Magical Girl,Seinen,Satelight,,,,,,,,,,,,,
,My Senpai is Annoying,FALL,Comedy,Romance,Slice of Life,Josei,Doga Kobo,,,,,,,,,,,,,
,Senryu Girl,SPRING,Comedy,Romance,Slice of Life,Shounen,CONNECT,,,,,,,,,,,,,
,Combatants Will Be Dispatched!,SPRING,Action,Adventure,Comedy,Shounen,J.C.STAFF,,,,,,,,,,,,,
,Senyuu,WINTER,Action,Adventure,Comedy,Shounen,Ordet,,,,,,,,,,,,,
,SERVAMP,SUMMER,Action,Supernatural,,Shoujo,Brain's Base,,,,,,,,,,,,,
,Servant x Service,SUMMER,Comedy,Romance,Slice of Life,Seinen,A-1 Pictures,,,,,,,,,,,,,
,My Bride is a Mermaid,SPRING,Comedy,Romance,Parody,Shounen,GONZO,,,,,,,,,,,,,
,The Helpful Fox Senko-san,SPRING,Comedy,Fantasy,Slice of Life,Seinen,Doga Kobo,,,,,,,,,,,,,
,Sexy Commando Gaiden: Sugoi yo!! Masaru-san,WINTER,Comedy,Parody,School,Shounen,Magic Bus,,,,,,,,,,,,,
,Miss Shachiku and the Little Baby Ghost,SPRING,Comedy,Slice of Life,Supernatural,Shounen,project No.9,,,,,,,,,,,,,
,SHADOWS HOUSE,SPRING,Fantasy,Horror,Mystery,Seinen,CloverWorks,,,,,,,,,,,,,
,Shakugan no Shana,FALL,Action,Comedy,Drama,Seinen,J.C.STAFF,,,,,,,,,,,,,
,Burning Kabaddi,SPRING,Action,Drama,Sports,Shounen,TMS Entertainment,,,,,,,,,,,,,
,Golden Time,FALL,Sports,School,,Shounen,Kinema Citrus,,,,,,,,,,,,,
,Shiki,SUMMER,Action,Adventure,Comedy,Shounen,Xebec,,,,,,,,,,,,,
,Shangri-la,SPRING,Action,Drama,Sci-Fi,Seinen,GONZO,,,,,,,,,,,,,
,Nana: Seven of Seven,WINTER,Adventure,Comedy,Romance,Shounen,A.C.G.T.,,,,,,,,,,,,,
,Your lie in April,FALL,Drama,Music,Romance,Shounen,A-1 Pictures,,,,,,,,,,,,,
,Shigurui: Death Frenzy,SUMMER,Action,Drama,Psychological,Seinen,MADHOUSE,,,,,,,,,,,,,
,Kenichi: The Mightiest Disciple,FALL,Action,Comedy,Martial Arts,Shounen,TMS Entertainment,,,,,,,,,,,,,
,Shiki,SUMMER,Horror,Mystery,Supernatural,Seinen,Daume,,,,,,,,,,,,,
,Shin Megami Tensei Devil Children,FALL,Action,Adventure,Fantasy,Shounen,TMS Entertainment,,,,,,,,,,,,,
,"Banished from the Hero’s Party, I Decided to Live a Quiet Life in the Countryside",FALL,Action,Adventure,Fantasy,Shounen,WolfsBane,,,,,,,,,,,,,
,Queen Millennia,SPRING,Drama,Mystery,Sci-Fi,Seinen,Toei Animation,,,,,,,,,,,,,
,Attack on Titan,SPRING,Action,Drama,Fantasy,Shounen,WIT STUDIO,,,,,,,,,,,,,
,Lunar Legend Tsukihime,FALL,Action,Horror,Mystery,Seinen,J.C.STAFF,,,,,,,,,,,,,
,The Duke of Death and His Maid,SUMMER,Comedy,Drama,Romance,Shounen,J.C.STAFF,,,,,,,,,,,,,
,"Momo, the Girl God of Death",SPRING,Drama,Fantasy,Psychological,Shoujo,Group TAC,,,,,,,,,,,,,
,"The Fruit of Evolution: Before I Knew It, My Life Had It Made",FALL,Adventure,Comedy,Fantasy,Seinen,Hotline,,,,,,,,,,,,,
,Psychic Detective Yakumo,FALL,Horror,Mystery,Romance,Shoujo,Bee Train,,,,,,,,,,,,,
,Squid Girl,FALL,Comedy,Slice of Life,,Shounen,diomedéa,,,,,,,,,,,,,
,From the New World,FALL,Drama,Horror,Mystery,Seinen,A-1 Pictures,,,,,,,,,,,,,
,The Executioner and Her Way of Life,SPRING,Action,Adventure,Drama,Seinen,J.C.STAFF,,,,,,,,,,,,,
,Revolutionary Girl Utena,SPRING,Drama,Fantasy,Mystery,Shoujo,J.C.STAFF,,,,,,,,,,,,,
,Girls' Last Tour,FALL,Adventure,Sci-Fi,Slice of Life,Seinen,WHITE FOX,,,,,,,,,,,,,
,Altair: A Record of Battles,SUMMER,Adventure,Drama,Fantasy,Shounen,MAPPA,,,,,,,,,,,,,
,Shonen Maid,SPRING,Comedy,Slice of Life,,Shoujo,8-bit,,,,,,,,,,,,,
,Shonen Onmyoji,FALL,Action,Fantasy,Supernatural,Shounen,Studio DEEN,,,,,,,,,,,,,
,Showa Genroku Rakugo Shinju,WINTER,Drama,Historical,,Josei,Studio DEEN,,,,,,,,,,,,,
,Shugo Chara!,FALL,Comedy,Magical Girl,Romance,Shoujo,Satelight,,,,,,,,,,,,,
,WorldEnd: What are you doing at the end of the world? Are you busy? Will you save us?,SPRING,Drama,Fantasy,Mystery,Seinen,Satelight,,,,,,,,,,,,,
,Knights of Sidonia,SPRING,Action,Fantasy,Mecha,Seinen,POLYGON PICTURES,,,,,,,,,,,,,
,Simoun,SPRING,Drama,Fantasy,Romance,Seinen,Studio DEEN,,,,,,,,,,,,,
,SKET Dance,SPRING,Comedy,Drama,Slice of Life,Shounen,Tatsunoko Production,,,,,,,,,,,,,
,Skip Beat!,FALL,Comedy,Drama,Romance,Shoujo,Hal Film Maker,,,,,,,,,,,,,
,Skip and Loafer,SPRING,Comedy,Romance,Slice of Life,Seinen,P.A.WORKS,,,,,,,,,,,,,
,The Skull Man,SPRING,Action,Mystery,Supernatural,Seinen,bones,,,,,,,,,,,,,
,Slam Dunk,FALL,Comedy,Drama,Slice of Life,Shounen,Toei Animation,,,,,,,,,,,,,
,The Slayers,SPRING,Adventure,Comedy,Fantasy,Seinen,E&G Films,,,,,,,,,,,,,
,The Slayers Evolution-R,WINTER,Adventure,Comedy,Fantasy,Seinen,J.C.STAFF,,,,,,,,,,,,,
,The Slayers Revolution,SUMMER,Adventure,Comedy,Fantasy,Seinen,J.C.STAFF,,,,,,,,,,,,,
,I've Been Killing Slimes for 300 Years and Maxed Out My Level,SPRING,Adventure,Comedy,Fantasy,Shounen,REVOROOT,,,,,,,,,,,,,
,Slow Loop,WINTER,Slice of Life,Sports,,Seinen,CONNECT,,,,,,,,,,,,,
,Slow Start,WINTER,Comedy,Slice of Life,School,Seinen,CloverWorks,,,,,,,,,,,,,
,Sound of the Sky,WINTER,Music,Sci-Fi,Slice of Life,Seinen,A-1 Pictures,,,,,,,,,,,,,
,Sola,SPRING,Drama,Romance,Slice of Life,Seinen,Nomad,,,,,,,,,,,,,
,Somali and the Forest Spirit,WINTER,Adventure,Drama,Fantasy,Seinen,Satelight,,,,,,,,,,,,,
,At The Mercy of The Sky,SUMMER,Comedy,Romance,Slice of Life,Seinen,Studio Comet,,,,,,,,,,,,,
,A Place Further Than the Universe,WINTER,Adventure,Comedy,Drama,Seinen,MADHOUSE,,,,,,,,,,,,,
,When Will Ayumu Make His Move?,SUMMER,Comedy,Romance,Slice of Life,Shounen,SILVER LINK.,,,,,,,,,,,,,
,And Yet The Town Moves,FALL,Comedy,Slice of Life,,Seinen,Shaft,,,,,,,,,,,,,
,The World is Still Beautiful,SPRING,Adventure,Fantasy,Romance,Shoujo,Studio Pierrot,,,,,,,,,,,,,
,Soul Eater,SPRING,Action,Adventure,Comedy,Shounen,bones,,,,,,,,,,,,,
,Aquarion,SPRING,Action,Mecha,Romance,Shounen,Satelight,,,,,,,,,,,,,
,Twin Star Exorcists,SPRING,Action,Adventure,Comedy,Shounen,Studio Pierrot,,,,,,,,,,,,,
,Beyond the Heavens,SPRING,Action,Adventure,,Seinen,MADHOUSE,,,,,,,,,,,,,
,Fist of the Blue Sky,FALL,Action,Martial Arts,Historical,Seinen,APPP,,,,,,,,,,,,,
,S.A: Special A,SPRING,Comedy,Drama,Romance,Shoujo,GONZO,,,,,,,,,,,,,
,Spiral: Bond of Reasoning,FALL,Comedy,Drama,Mystery,Shounen,J.C.STAFF,,,,,,,,,,,,,
,Spy Classroom,WINTER,Action,Comedy,Drama,Seinen,feel.,,,,,,,,,,,,,
,SPY x FAMILY,SPRING,Action,Comedy,Slice of Life,Shounen,CloverWorks,,,,,,,,,,,,,
,Steins;Gate,SPRING,Drama,Psychological,Sci-Fi,Seinen,WHITE FOX,,,,,,,,,,,,,
,Magic of Stella,FALL,Comedy,Slice of Life,School,Seinen,SILVER LINK.,,,,,,,,,,,,,
,Stop!! Hibari-kun!,SPRING,Comedy,Slice of Life,,Shounen,Toei Animation,,,,,,,,,,,,,
,Sugar Apple Fairy Tale,WINTER,Adventure,Fantasy,Romance,Shoujo,J.C.STAFF,,,,,,,,,,,,,
,Sugar Sugar Rune,SUMMER,Adventure,Comedy,Drama,Shoujo,Studio Pierrot,,,,,,,,,,,,,
,Gargantia on the Verdurous Planet,SPRING,Action,Adventure,Mecha,Seinen,Production I.G,,,,,,,,,,,,,
,The Girl I Like Forgot Her Glasses,SUMMER,Comedy,Romance,School,Shounen,GoHands,,,,,,,,,,,,,
,"Say ""I love you.""",WINTER,Romance,Drama,,Shoujo,ZEXCS,,,,,,,,,,,,,
,Summer Time Rendering,SPRING,Action,Drama,Mystery,Shounen,OLM,,,,,,,,,,,,,
,Sumomomo Momomo: Chijou Saikyou no Yome,FALL,Action,Comedy,Romance,Seinen,Studio Hibari,,,,,,,,,,,,,
,Desert Punk,FALL,Action,Adventure,Comedy,Shounen,GONZO,,,,,,,,,,,,,
,Super Cub,SPRING,Slice of Life,School,,Seinen,Studio KAI,,,,,,,,,,,,,
,SUPER LOVERS,SPRING,Comedy,Drama,Romance,Seinen,Studio DEEN,,,,,,,,,,,,,
,Suzuka,SUMMER,Drama,Romance,Sports,Shounen,Studio Comet,,,,,,,,,,,,,
,The Melancholy of Haruhi Suzumiya,SPRING,Comedy,Mystery,Sci-Fi,Seinen,Kyoto Animation,,,,,,,,,,,,,
,Sweet Valerian,SUMMER,Action,Comedy,Magical Girl,Shoujo,MADHOUSE,,,,,,,,,,,,,
,Sword Art Online,SUMMER,Action,Adventure,Fantasy,Seinen,A-1 Pictures,,,,,,,,,,,,,
,Sword Art Online Alternative: Gun Gale Online,SPRING,Action,Sci-Fi,,Seinen,Studio 3Hz,,,,,,,,,,,,,
,Tactics,FALL,Comedy,Drama,Fantasy,Shoujo,Studio DEEN,,,,,,,,,,,,,
,Taisho Otome Fairy Tale,FALL,Comedy,Drama,Romance,Shounen,SynergySP,,,,,,,,,,,,,
,Tales of the Abyss,FALL,Adventure,Drama,Fantasy,Seinen,Sunrise,,,,,,,,,,,,,
,Tamako Market,WINTER,Comedy,Slice of Life,Romance,Seinen,Kyoto Animation,,,,,,,,,,,,,
,Tanaka-kun is Always Listless,SPRING,Comedy,Slice of Life,School,Shounen,SILVER LINK.,,,,,,,,,,,,,
,Detective School Q,SPRING,Comedy,Drama,Mystery,Shounen,Studio Pierrot,,,,,,,,,,,,,
,The Detective Is Already Dead,SUMMER,Comedy,Drama,Mystery,Seinen,ENGI,,,,,,,,,,,,,
,Tari Tari,SUMMER,Music,Slice of Life,School,Seinen,P.A.WORKS,,,,,,,,,,,,,
,Dusk Maiden of Amnesia,SPRING,Horror,Mystery,Romance,Shounen,SILVER LINK.,,,,,,,,,,,,,
,The Rising of the Shield Hero,WINTER,Action,Adventure,Fantasy,Seinen,Kinema Citrus,,,,,,,,,,,,,
,Suppose a Kid from the Last Dungeon Boonies moved to a starter town?,WINTER,Adventure,Comedy,Fantasy,Seinen,LIDENFILMS,,,,,,,,,,,,,
,Tayutama: Kiss on My Deity,SPRING,Romance,Supernatural,,Seinen,SILVER LINK.,,,,,,,,,,,,,
,Teekyuu,FALL,Comedy,Slice of Life,Sports,Shounen,MAPPA,,,,,,,,,,,,,
,Letter Bee: Light and Blue Night Fantasy,FALL,Adventure,Fantasy,Slice of Life,Shounen,Pierrot+,,,,,,,,,,,,,
,Iron Fist Chinmi,SUMMER,Action,Adventure,,Shounen,Ashi Productions,,,,,,,,,,,,,
,Heaven’s Design Team,WINTER,Comedy,Fantasy,Slice of Life,Seinen,Asahi Production,,,,,,,,,,,,,
,Gurren Lagann,SPRING,Action,Comedy,Drama,Shounen,Gainax,,,,,,,,,,,,,
,Tengoku Daimakyo,SPRING,Adventure,Mystery,Sci-Fi,Seinen,Production I.G,,,,,,,,,,,,,
,Vision of Escaflowne,SPRING,Adventure,Fantasy,Mecha,Shoujo,Sunrise,,,,,,,,,,,,,
,Tennis no Ouji-sama,WINTER,Action,Sports,Drama,Shounen,Trans Arts,,,,,,,,,,,,,
,My Isekai Life: I Gained a Second Character Class and Became the Strongest Sage in the World!,SUMMER,Action,Adventure,Comedy,Shounen,REVOROOT,,,,,,,,,,,,,
,The Aristocrat’s Otherworldly Adventure: Serving Gods Who Go Too Far,SPRING,Action,Comedy,Fantasy,Shounen,Magic Bus,,,,,,,,,,,,,
,Reincarnated as a Sword,FALL,Action,Adventure,Fantasy,Seinen,C2C,,,,,,,,,,,,,
,That Time I Got Reincarnated as a Slime,FALL,Action,Adventure,Comedy,Shounen,8-bit,,,,,,,,,,,,,
,Tenshi na Konamaiki,SPRING,Comedy,Romance,Supernatural,Shounen,TMS Entertainment,,,,,,,,,,,,,
,Tesla Note,FALL,Action,Comedy,Drama,Shounen,Gambit,,,,,,,,,,,,,
,Gigantor,FALL,Adventure,Mecha,Sci-Fi,Shounen,Eiken,,,,,,,,,,,,,
,Astro Boy (1980),FALL,Action,Adventure,Mecha,Shounen,Tezuka Productions,,,,,,,,,,,,,
,The Big O,FALL,Action,Mecha,Mystery,Seinen,Sunrise,,,,,,,,,,,,,
,The God of High School,SUMMER,Action,Fantasy,Supernatural,Shounen,MAPPA,,,,,,,,,,,,,
,The Idol Master,SUMMER,Comedy,Drama,Music,Seinen,A-1 Pictures,,,,,,,,,,,,,
,Thermae Romae,WINTER,Adventure,Comedy,Slice of Life,Seinen,DLE,,,,,,,,,,,,,
,Tiger & Bunny,SPRING,Action,Comedy,Mecha,Seinen,Sunrise,,,,,,,,,,,,,
,Tiger Mask,FALL,Sports,Sports,,Shounen,Toei Animation,,,,,,,,,,,,,
,To Heart,SPRING,Drama,Romance,Slice of Life,Seinen,OLM,,,,,,,,,,,,,
,A Certain Magical Index,FALL,Action,Sci-Fi,Supernatural,Shounen,J.C.STAFF,,,,,,,,,,,,,
,Katana Maidens ~ Toji No Miko,WINTER,Action,Fantasy,,Seinen,Studio Gokumi,,,,,,,,,,,,,
,Tokimeki Tonight,FALL,Comedy,Fantasy,Romance,Shoujo,Group TAC,,,,,,,,,,,,,
,Tokko,SPRING,Action,Comedy,Horror,Seinen,Group TAC ,,,,,,,,,,,,,
,Tokyo ESP,SUMMER,Action,Fantasy,Supernatural,Seinen,Xebec,,,,,,,,,,,,,
,Tokyo Ghoul,SUMMER,Action,Drama,Horror,Seinen,Studio Pierrot,,,,,,,,,,,,,
,Tokyo Mew Mew,SPRING,Adventure,Comedy,Fantasy,Shoujo,Studio Pierrot,,,,,,,,,,,,,
,Tokyo Ravens,FALL,Action,Comedy,Supernatural,Seinen,8-bit,,,,,,,,,,,,,
,Tokyo Tribe 2,FALL,Action,Drama,,Seinen,MADHOUSE,,,,,,,,,,,,,
,Tokyo Underground,SPRING,Action,Adventure,Romance,Shounen,Studio Pierrot,,,,,,,,,,,,,
,Tomo-chan Is a Girl!,WINTER,Comedy,Romance,Slice of Life,Shounen,Lay-duce,,,,,,,,,,,,,
,Tomodachi Game,SPRING,Drama,Mystery,Psychological,Shounen,Okuruto Noboru,,,,,,,,,,,,,
,My Little Monster,FALL,Comedy,Romance,Slice of Life,Shoujo,Brain's Base,,,,,,,,,,,,,
,Ms. vampire who lives in my neighborhood.,FALL,Comedy,Slice of Life,Supernatural,Seinen,Studio Gokumi,,,,,,,,,,,,,
,Tonari no Seki-kun: The Master of Killing Time,WINTER,Comedy,School,Slice of Life,Seinen,Shin-Ei Animation,,,,,,,,,,,,,
,Campfire Cooking in Another World with my Absurd Skill,WINTER,Adventure,Comedy,Fantasy,Seinen,MAPPA,,,,,,,,,,,,,
,TONIKAWA: Over The Moon For You,FALL,Comedy,Romance,Slice of Life,Shounen,Seven Arcs,,,,,,,,,,,,,
,Toradora!,FALL,Comedy,Drama,Romance,Seinen,J.C.STAFF,,,,,,,,,,,,,
,Toriko,SPRING,Action,Adventure,Comedy,Shounen,Toei Animation,,,,,,,,,,,,,
,Library War,SPRING,Action,Comedy,Romance,Shoujo,Production I.G,,,,,,,,,,,,,
,Tottemo! Luckyman,SPRING,Comedy,Sci-Fi,,Shounen,Studio Pierrot,,,,,,,,,,,,,
,Touch,SPRING,Drama,Romance,Slice of Life,Shounen,Group TAC,,,,,,,,,,,,,
,Trigun,SPRING,Action,Adventure,Comedy,Shounen,MADHOUSE,,,,,,,,,,,,,
,Trinity Blood,SPRING,Action,Drama,Horror,Shoujo,GONZO,,,,,,,,,,,,,
,TSUKIMICHI -Moonlit Fantasy-,SUMMER,Action,Adventure,Comedy,Shounen,C2C,,,,,,,,,,,,,
,Irina: The Vampire Cosmonaut,FALL,Drama,Romance,Sci-Fi,Seinen,Arvo Animation,,,,,,,,,,,,,
,Endo and Kobayashi Live! The Latest on Tsundere Villainess Lieselotte,WINTER,Comedy,Fantasy,Romance,Josei,Tezuka Productions,,,,,,,,,,,,,
,Tsuredure Children,SUMMER,Comedy,Drama,Romance,Shounen,Studio Gokumi,,,,,,,,,,,,,
,Tsurikichi Sanpei,SPRING,Adventure,Sports,,Shounen,Nippon Animation,,,,,,,,,,,,,
,Turn A Gundam,SPRING,Action,Adventure,Drama,Seinen,Sunrise,,,,,,,,,,,,,
,My Tiny Senpai,SUMMER,Comedy,Romance,Slice of Life,Seinen,project No.9,,,,,,,,,,,,,
,"If It's for My Daughter, I'd Even Defeat a Demon Lord",SUMMER,Adventure,Fantasy,Slice of Life,Seinen,Maho Film,,,,,,,,,,,,,
,My Master Has No Tail,FALL,Comedy,Fantasy,Slice of Life,Seinen,LIDENFILMS,,,,,,,,,,,,,
,Captain Harlock Space Pirate,SPRING,Action,Adventure,Drama,Seinen,Toei Animation,,,,,,,,,,,,,
,Space Brothers,SPRING,Comedy,Sci-Fi,Slice of Life,Seinen,A-1 Pictures,,,,,,,,,,,,,
,Stellvia of the Universe,SPRING,Action,Mecha,Romance,Seinen,Xebec,,,,,,,,,,,,,
,Space Patrol Luluco,SPRING,Action,Adventure,Comedy,Seinen,TRIGGER,,,,,,,,,,,,,
,Star Blazers: The Quest for Iscandar,FALL,Action,Adventure,Drama,Seinen,Office Academy,,,,,,,,,,,,,
,Poco's Udon World,FALL,Fantasy,Slice of Life,,Seinen,LIDENFILMS,,,,,,,,,,,,,
,The Law of Ueki,SPRING,Action,Adventure,Comedy,Shounen,Studio DEEN,,,,,,,,,,,,,
,UFO Robo Grendizer,FALL,Mecha,Action,Sci-Fi,Shounen,Toei Animation,,,,,,,,,,,,,
,Ultramaniac - Magical Girl,SPRING,Comedy,Romance,Supernatural,Shoujo,Ashi Productions,,,,,,,,,,,,,
,Triton of the Sea,SPRING,Adventure,Fantasy,,Shounen,Animation Staff Room,,,,,,,,,,,,,
,Umineko: When They Cry,SUMMER,Drama,Horror,Mystery,Seinen,Studio DEEN,,,,,,,,,,,,,
,The Betrayal Knows My Name,SPRING,Adventure,Drama,Fantasy,Shoujo,J.C.STAFF,,,,,,,,,,,,,
,Life Lessons with Uramichi Oniisan,SUMMER,Comedy,Slice of Life,,Seinen,Studio Blanc,,,,,,,,,,,,,
,Urara Meirocho,WINTER,Comedy,Fantasy,Slice of Life,Seinen,J.C.STAFF,,,,,,,,,,,,,
,Otherside Picnic,WINTER,Adventure,Fantasy,Mystery,Seinen,LIDENFILMS,,,,,,,,,,,,,
,Urayasu Tekkin Kazoku,SUMMER,Comedy,Parody,,Shounen,Studio DEEN,,,,,,,,,,,,,
,Urusei Yatsura,FALL,Comedy,Drama,Romance,Shounen,Studio Pierrot,,,,,,,,,,,,,
,Bunny Drop,SUMMER,Slice of Life,Drama,,Josei,Production I.G,,,,,,,,,,,,,
,In Search of the Lost Future,FALL,Drama,Romance,Sci-Fi,Seinen,feel.,,,,,,,,,,,,,
,Utawarerumono,SPRING,Action,Drama,Fantasy,Seinen,OLM,,,,,,,,,,,,,
,Vampire Knight,SPRING,Drama,Mystery,Romance,Shoujo,Studio DEEN,,,,,,,,,,,,,
,Vandread,FALL,Action,Comedy,Mecha,Seinen,GONZO,,,,,,,,,,,,,
,The Case Study of Vanitas,SUMMER,Action,Drama,Fantasy,Shounen,bones,,,,,,,,,,,,,
,Venus Versus Virus,WINTER,Drama,Romance,Supernatural,Seinen,Studio Hibari,,,,,,,,,,,,,
,Lady Oscar: The Rose of Versailles,FALL,Adventure,Drama,Romance,Shoujo,Tokyo Movie Shinsha,,,,,,,,,,,,,
,Vinland Saga,SUMMER,Action,Adventure,Drama,Seinen,WIT STUDIO,,,,,,,,,,,,,
,Violet Evergarden,WINTER,Drama,Fantasy,Slice of Life,Seinen,Kyoto Animation,,,,,,,,,,,,,
,Vivy -Fluorite Eye's Song-,SPRING,Action,Drama,Music,Seinen,WIT STUDIO,,,,,,,,,,,,,
,Our Home's Fox Deity,SPRING,Adventure,Fantasy,Supernatural,Shounen,ZEXCS,,,,,,,,,,,,,
,Wakakozake,SUMMER,Slice of Life,Food,,Seinen,office DCI,,,,,,,,,,,,,
,Wangan Midnight,SUMMER,Action,Sports,,Seinen,A.C.G.T.,,,,,,,,,,,,,
,"WataMote: No Matter How I Look At It, It's You Guys' Fault I'm Not Popular!",SUMMER,Comedy,Slice of Life,Slice of Life,Shounen,SILVER LINK.,,,,,,,,,,,,,
,"Kiss Him, Not Me",FALL,Comedy,Romance,,Shoujo,Brain's Base,,,,,,,,,,,,,
,WATATEN!: an Angel Flew Down to Me,WINTER,Comedy,Slice of Life,,Seinen,Doga Kobo,,,,,,,,,,,,,
,My Happy Marriage,SUMMER,Drama,Romance,Supernatural,Shoujo,Kinema Citrus,,,,,,,,,,,,,
,Yuri Is My Job!,SPRING,Comedy,Drama,Romance,Seinen,Passione,,,,,,,,,,,,,
,Didn't I Say to Make My Abilities Average in the Next Life?!,FALL,Action,Adventure,Comedy,Seinen,project No.9,,,,,,,,,,,,,
,Whistle!,SPRING,Sports,School,,Shounen,Studio Comet,,,,,,,,,,,,,
,White Album,WINTER,Drama,Music,Romance,Seinen,Seven Arcs,,,,,,,,,,,,,
,Witch Craft Works,WINTER,Action,Fantasy,Supernatural,Seinen,J.C.STAFF,,,,,,,,,,,,,
,Witchblade,SPRING,Action,Sci-Fi,Supernatural,Seinen,GONZO,,,,,,,,,,,,,
,Wolf's Rain,WINTER,Action,Adventure,Drama,Seinen,bones,,,,,,,,,,,,,
,The Amazing 3,SUMMER,Action,Adventure,Comedy,Shounen,Mushi Productions,,,,,,,,,,,,,
,Wagnaria!!3,SUMMER,Comedy,Romance,Slice of Life,Seinen,A-1 Pictures,,,,,,,,,,,,,
,World Trigger,FALL,Action,Sci-Fi,,Shounen,Toei Animation,,,,,,,,,,,,,
,Wotakoi: Love is Hard for Otaku,SPRING,Comedy,Romance,Slice of Life,Josei,A-1 Pictures,,,,,,,,,,,,,
,X,SUMMER,Action,Drama,Fantasy,Shoujo,MADHOUSE,,,,,,,,,,,,,
,xxxHOLiC,SPRING,Comedy,Drama,Horror,Seinen,Production I.G,,,,,,,,,,,,,
,Bloom Into You,FALL,Drama,Romance,Slice of Life,Shounen,TROYCA,,,,,,,,,,,,,
,My Teen Romantic Comedy SNAFU TOO!,FALL,Comedy,Romance,Slice of Life,Seinen,feel.,,,,,,,,,,,,,
,Yakitate!! Japan,FALL,Comedy,Food,,Shounen,Sunrise,,,,,,,,,,,,,
,The Promised Neverland,WINTER,Drama,Fantasy,Horror,Shounen,CloverWorks,,,,,,,,,,,,,
,Encouragement of Climb,WINTER,Adventure,Comedy,Slice of Life,Seinen,8-bit,,,,,,,,,,,,,
,Yamada and the Seven Witches,SPRING,Comedy,Mystery,Romance,Shounen,LIDENFILMS,,,,,,,,,,,,,
,My Love Story with Yamada-kun at Lv999,SPRING,Comedy,Drama,Romance,Shoujo,MADHOUSE,,,,,,,,,,,,,
,Descendants of Darkness,FALL,Drama,Fantasy,Horror,Shoujo,J.C.STAFF,,,,,,,,,,,,,
,Yawara!,SUMMER,Action,Comedy,Drama,Seinen,MADHOUSE,,,,,,,,,,,,,
,"SING ""YESTERDAY"" FOR ME",SPRING,Drama,Romance,Slice of Life,Seinen,Doga Kobo,,,,,,,,,,,,,
,Hitori no Shita - The Outcast,SUMMER,Action,Adventure,Supernatural,Shounen,Pandanium,,,,,,,,,,,,,
,Call of the Night,SUMMER,Comedy,Psychological,Romance,Shounen,LIDENFILMS,,,,,,,,,,,,,
,Nights with a Cat,SUMMER,Comedy,Slice of Life,,Seinen,Studio PuYUKAI,,,,,,,,,,,,,
,Saga of Tanya the Evil,WINTER,Action,Fantasy,Another World,Seinen,NUT,,,,,,,,,,,,,
,Elegant Yokai Apartment Life,SUMMER,Mystery,Slice of Life,Supernatural,Seinen,Shin-Ei Animation,,,,,,,,,,,,,
,Yo-kai Watch,WINTER,Comedy,Supernatural,Supernatural,Shounen,OLM,,,,,,,,,,,,,
,Classroom of the Elite,SUMMER,Drama,Psychological,School,Seinen,Lerche,,,,,,,,,,,,,
,Young Black Jack,FALL,Drama,Medical,Historical,Seinen,Tezuka Productions,,,,,,,,,,,,,
,Yowamushi Pedal,FALL,Comedy,Drama,Sports,Shounen,TMS Entertainment,,,,,,,,,,,,,
,Yozakura Quartet,FALL,Action,Comedy,Supernatural,Shounen,Nomad,,,,,,,,,,,,,
,Yume Tsukai,SPRING,Comedy,Drama,Slice of Life,Seinen,MADHOUSE,,,,,,,,,,,,,
,Dream Eater Merry,WINTER,Action,Supernatural,Supernatural,Shounen,J.C.STAFF,,,,,,,,,,,,,
,The Dreaming Boy is a Realist,SUMMER,Comedy,Romance,Slice of Life,Seinen,Studio Gokumi,,,,,,,,,,,,,
,Yurikuma Arashi,WINTER,Drama,Fantasy,Magical Girl,Seinen,SILVER LINK.,,,,,,,,,,,,,
,Yuki Yuna is a Hero,FALL,Action,Drama,Fantasy,Seinen,Studio Gokumi,,,,,,,,,,,,,
,Moriarty the Patriot,FALL,Drama,Mystery,Psychological,Shounen,Production I.G,,,,,,,,,,,,,
,Beast Tamer,FALL,Adventure,Fantasy,Comedy,Seinen,EMT Squared,,,,,,,,,,,,,
,I'm Quitting Heroing,SPRING,Action,Adventure,Comedy,Seinen,EMT Squared,,,,,,,,,,,,,
,Yuyushiki,SPRING,Comedy,Slice of Life,,Seinen,Kinema Citrus,,,,,,,,,,,,,
,Grimoire of Zero,SPRING,Action,Drama,Fantasy,Seinen,WHITE FOX,,,,,,,,,,,,,
,The Familiar of Zero,SUMMER,Action,Adventure,Comedy,Seinen,J.C.STAFF,,,,,,,,,,,,,
,Zetman,SPRING,Action,Drama,Horror,Seinen,TMS Entertainment,,,,,,,,,,,,,
,Blast of Tempest,FALL,Action,Drama,Fantasy,Shounen,bones,,,,,,,,,,,,,
,Psychic Squad,SPRING,Action,Comedy,Sci-Fi,Shounen,SynergySP,,,,,,,,,,,,,
,Zipang,FALL,Action,Sci-Fi,Sci-Fi,Seinen,Studio DEEN,,,,,,,,,,,,,
,Zom 100: Bucket List of the Dead,SUMMER,Action,Comedy,Horror,Seinen,BUG FILMS,,,,,,,,,,,,,
,Zombie Loan,SUMMER,Action,Horror,Supernatural,Shounen,Xebec,,,,,,,,,,,,,
,ZOMBIE LAND SAGA,FALL,Comedy,Music,Supernatural,Seinen,MAPPA,,,,,,,,,,,,,
